videoId,nComments,nNegativeComments
u_Lrrhqp17c,1,0
810HUzygE0E,180,7
cBa5-gUm4a4,18,2
7kiX11zXIGw,614,18
CvOB3Zxg0G0,88,4
7mzP3RxWOsM,755,39
8mdButnYisM,119,3
wRLwaq5HzkE,2077,86
Nc2KHjGz0Co,19,0
xk8ToPvJVoI,6,0
KxRmFsBgnoo,3,0
8Nx2cozzJBQ,2,0
oO4kzstnFXI,3009,86
0cVyYMOGxVI,45,8
PuQjcG01ob8,2,0
XuL7E7WtlPw,3,0
niSYzMTd0cA,504,53
Lhao3HJPYT8,70,2
2lavS4P-dfg,7,1
cWrmNU6QkeU,761,21
OQ1UDYKF04I,2100,199
7EJeA8yLgqo,8822,281
rd1zjwfe8ks,565,15
gBcQxPsrZXM,2,0
_VvluqBBJcI,198,9
3lOWHWQCo2M,22,0
SIG5UDZbCCg,647,49
mwIEBf7v9BA,6,1
bX-nMpFULFE,1,0
dWh7khe8bbo,784,24
vlczNepLypQ,38,1
7z0LoYF9ItU,2,0
aWf-SY0vApA,5,0
smpJM315T7k,525,15
slI2EuhR1HI,623,7
qFyxwWI6mV4,190,14
jUrF_Sme7YI,373,8
aQzGPDnJqmc,5154,153
cAxShqL53LI,260,7
Nmo_il5etoQ,40,0
uhPThInhtKQ,509,39
Cn7-eS2yoJQ,9,0
5dNenlPJ0FU,14,1
lQZdC9Vktl0,237,21
zjz-R5MLfEw,7881,341
aKNPP8nwD_E,2273,75
PzrBONtgKA0,167,8
qmpqKJoC_4c,4507,176
jtTsixvhMBY,1397,37
anYwA38FrmQ,1718,63
3Nc4_oobCT8,167,7
lTvg2RDigpc,295,8
oUpHwER4vLs,33,1
RGSE29eo2kg,63,2
58f15ZZx_gY,1,0
8fScpcaSCOQ,54,3
tVjZL1fUDvw,71,1
hSONFlpkHqs,3,0
FTSBCjI6an4,227,6
_laKJi8Xwh8,2383,71
E1uhKOKRx-4,999,11
dnYc8le1Kn0,65,5
oInfuEOh4Pc,241,3
FyFpNs8Oy5o,67,1
egRDo02RYYQ,7,0
ZlLy-gT0n_k,18,0
3KEHOSJl0d8,557,24
l8D6GRBZv18,153,2
4cr6XJ9ZuqA,15,0
cMzev45ftKg,808,54
SfpVSZ1SpjI,42,1
q2yUdPgYYrU,142,3
83GKyOKsqvE,175,11
kWqm-45gygk,19,0
YwZyvey1uwk,752,39
Iud-fYe4LM4,23,0
0665Fg_Eab4,38,2
QT3-3YJjF6A,1382,48
wzCl_sMrJaI,3995,219
HB4gpxpT9Ww,1,0
s6dfbmBAOKE,62,0
vQNl8PpcSHw,1283,29
F9Io-SNP-9Q,1,0
Q9VmCg7VifI,492,22
EJ9FzH1PJsY,8,2
V7vdW_wlM4A,426,32
lujyi7dzwZU,487,18
ZBcnWreL-ro,11,0
rS1j-pt7yls,4,1
pv30U2M0ZMA,148,14
jB1487d3K4E,148,6
nVEB-hTu9xM,230,15
I7a-z-cbvI4,13,2
xeiTHjFdff8,275,6
41uet4dYIP0,19,1
m-uhTne2KPI,35,2
G0dBPRI76yA,12,0
HBByrJ0kRJw,1,0
hw25L8OiA5Y,154,11
LS9z3kKmVFw,46,3
e1uPISkMDLE,1556,69
pFbjdmZ4dxM,1355,38
r0im3i6TN14,327,24
phB10ZoGWBM,2689,78
5Ng827eXrc0,9,0
5veb9WfqO7E,21,0
eAQwVUJw1ho,99,4
GBOIHIYPhdg,535,15
34RRKctVNws,703,14
VU1ThfGgRig,84,1
4AhWf_sr0Bc,2954,86
Pe7j8QX14t8,120,5
MP3WdlZZghs,328,15
kculDNpkCWo,21,0
1uxeWlx66ns,207,18
-vIAxdFIoa8,28,1
hqKCsFbuBOk,68,4
3U8V_pHWWKI,1349,27
0R8rAbVBQ84,3150,87
8cJu4YFaBtM,226,18
CaTYPBTs4To,766,22
54Z45qRDa0M,176,13
erSy5GAaE8Y,107,2
djDWTgqDYC4,16,1
-DIk__HLeMU,2228,49
4ERZa2DqsA8,21,0
eTHzny22144,145,5
Wnakj2G99ds,38,1
3x1tJo8vCn4,35,2
RnK3VU67f2Q,20,1
nDVh2g-n3Ts,26,2
WO1wJloXVw0,54,1
mSp64slMwTk,450,49
7fY3e6TGtYM,221,19
ZCj4njYN12I,1,0
vB0PubKXNcw,6,1
5x5X0hkCTWU,50,2
oq8Y0FWzF4w,96,4
EibMHm4DGqc,167,7
2QfLiDDvwl0,83,4
qqOL9M9xVPU,10,0
padPPUbfJ5c,42,0
z5y6cx-U1BY,30,3
2corSKUV5nw,19,0
VKAh1QceArg,27,2
Sj0Wrt8xcJM,789,52
Xprrn5Tle6U,37,1
Xwz82Wy2S2I,54,5
Itw0QPbqMXI,33,0
QfN2FTNJLdc,36,1
Ctl9BxdQ8w4,3316,322
f0EpnIAbUGE,71,1
Iqg33eXgxXw,111,0
aSrWT3PajDM,69,3
TNdzylE1NSU,3793,155
Tz4XF23T1-U,4839,324
qxkpon3StMg,13,0
E4xHQvAAbbE,265,23
DNiPS0yRKrs,340,8
qApFRCLQKzE,47,2
-pgJKu0zt8g,2,0
JHfL6_f-Se8,265,11
u0XADaQb-RQ,41,3
SIqogSS8MA4,1787,35
6ky0I852b1s,1563,70
LWg31n5wuHI,80,3
o-fIZ_-NwA0,653,13
ezdv7UbrzUU,49,1
XaBkp-aCj-c,3,0
RwUoG7q7WHM,39,1
hYriEVLKPCs,4548,185
vGQfhNh3zGs,62,1
NwYm4EaBlts,128,4
HsjDAPnot3I,5,0
dq-B7qFBthE,144,6
Cy4ovPDCWz4,709,27
hFRr4zF5zRE,78,1
3fcNX1aVx3A,632,41
PuKhW-NOKHs,266,14
sf5QfWIuCDg,1041,25
ttnFVI1fsDE,24,2
ZrccChZecWs,2160,158
HvAg45w8lhY,264,6
2lVNf_jzmMQ,577,11
z30UVcceHLA,5,1
enl1OO8px04,1858,90
mQIDF4Y9ZGM,331,22
6EnRcDPpqUs,92,4
xA4MiTj3uS8,590,22
jNVw4rlZbXc,300,6
msTA-Qttw18,1,0
J7QmSsqUG3k,735,14
UO7Ft08-EOU,1842,97
dwShXgSYts4,4985,291
gi4L0mL45zs,10,1
9detk36gqCM,427,9
MlRiBVEVpZw,1734,63
j3xyfwNafUc,315,23
_HICaBRL5g4,1903,67
kD647iUlmLo,576,27
xR4U9dbVgy8,5,0
R0DByqBMOs8,6,0
5GJv-OMlhdQ,2116,77
3-N4L6AaKN4,173,3
MLzuN5XulfM,76,4
M0ZY8mM3vY4,4,0
vVE6_KokwvQ,36,1
dt3rQaoNjt0,12,1
pyN0lBEY-E8,1375,64
cR5dX0N2N4E,48,4
9Njzkmv61cw,21,3
-a5dyLzigb4,1072,22
1pKCZqmP9dg,773,35
SIWCBAJPGNo,13,1
t4Dj88H923I,420,18
h1-92U0NdEc,56,2
xtRv-pZP9ic,326,25
D_2JdECOcE8,33,1
YkSbBA1-Oqk,80,4
0WgXGU5geJM,558,9
iC169E2ojM0,15,1
X5j7dLEbCow,16,0
vg8swH9HV1c,26,4
PNTWdO9Q3zM,36,2
NZg2hK7DS2I,95,6
XtElvvch0Ns,1125,49
iZ6sgGHasDw,28,1
rr4IUhM7cF0,109,5
AxFR84QctrI,238,10
60cAhw4wjoY,790,14
ooiww4rDqjA,94,2
608lsQfxQk8,5265,331
WWVRxT0hGKY,38,4
fDEoD_3Iyes,54,1
z1wj622Ghi4,675,24
K6YmtZ5Ovxw,35,3
Rp3KkqPPdsc,230,54
uOOU0HOLXdw,287,11
hSj63KYLHd4,98,5
w7tDgOurVKg,167,9
4R5vCHvMCVk,499,13
bT8is56_04U,29,1
oJVkME2cy6E,2939,101
_9iZuU96jjk,30,0
hDm6iIWe-k4,155,4
9oQa9E5as-Q,74,4
EKv6TuL6iEo,67,7
khfpq0kkBS0,93,3
uBr98dr5fjc,1094,28
4tURrF6bLf4,7,0
RFKH2GTQNGc,27,0
NQq1Kr7om8I,196,13
1SI0s9Daid4,99,12
mM7uuVfwjE0,1295,48
1nSbYTqIqzg,35,1
ObnzoT2aSZ4,44,4
RBCcy6x4DFY,90,6
YtMLHLjwrlo,8,0
03BQZT72PKI,37,3
YvCU-rlIvNE,9,0
J6VLi4Xtf50,331,14
mOs_dTG_lYk,458,22
jiDwYsMP-5c,122,20
DgqijrSEOcc,20,1
dOCYxHk1Bl8,3075,140
9RbZecUFQg4,23,5
22c6H-8JlAU,60,2
BHz3IFJMRH0,254,6
wknXCTXHhws,268,5
f3AwI7EF8Fc,153,6
EcHygY22sUc,366,9
oelpcsIyF0o,7184,766
3JBGcor6Hhw,2705,78
Z4lOBiaujC8,218,15
W3I7nKAkaE4,98,3
DWMuJSMFWWA,68,5
TZklMnxAVik,3,1
BhppJB0rcCA,44,0
h2kHtS6SYoQ,283,13
hxKarHohVvc,72,1
kzi1AXQ2W4Y,2577,99
fv6jfqj2Hqc,1420,53
qsBH2qmCmmg,3,0
E4GXPtsHwKE,1663,75
KbvgrnNEUuQ,43,0
Hd_QE775hl8,1,0
2rdeD-9BF9M,2,0
F38VvfRHOi0,259,34
rDXnOxY8hFM,7,1
YPX6oZmuIzc,2,0
tKNLDJOELcY,10,0
qYMF7tAD3wY,266,8
gHKtOwO-mQA,35,0
oLueBjkSObE,1339,41
oH42gMjvQHU,352,10
KYarnMGk7Ak,42,0
PtSSoZW19vs,2043,30
OOqgtLij_WA,121,0
4x2AhjDC4AA,3477,172
ZTFLsFu7g1c,60,6
RbBBHibty5U,375,12
mF4zkdtrGZU,56,2
eWIY6bGixZE,2,0
wneboFj2-Tc,996,36
Azf0-kqTv2A,13,0
qZnSFy2PqUc,4,0
njgSzB-7-TI,11,0
1fqEKnuqmf4,567,20
orZCGyR6ihA,660,61
7mXwWZ1SdyM,76,3
N0gxa65uHQk,278,4
K5gWokTxhhc,18,0
fvzdaJ6_DXc,3188,119
q_z0OVw8_ao,516,19
pHZqW3z9Nhk,1079,27
sNBkO5DtAJQ,24,0
03IRD7MWPAo,71,1
xtHExWjAWys,1,0
Uy_zobIeq60,25,2
ty_uXKyfqjw,6,0
A06u46HW-v0,38,1
Zsa7DUnqsUI,117,2
aZM5DXyrE8c,52,2
K4ASFZbfNnY,484,9
VvxozSWWLrs,73,2
yMsDUEnOw8c,161,2
hK-ReVOkxQk,134,5
_yn3P3CiQeU,169,8
1UUdyeNjSFc,65,1
_NrV0UegeuM,616,27
QsP-n54qBEU,3264,161
JfGaaL-0YDk,841,14
febQEOF4IUI,88,1
RPwbcrncxcs,59,1
yYV5fxU3uXY,654,46
XuZ5qVzuLsU,120,12
-F2r0P91apQ,122,13
Ui3JxeHAA9M,1,0
OzRR6ROQ-mA,1854,88
n5KuI25WsVk,1314,34
CvGccmT5xv8,499,13
YN-oUBXZ0lM,1,0
wntPNb0mEBM,23,0
T6XfoFwK8i4,1312,39
FqSaS_2m4r0,606,19
uVFkLqwHMQQ,28,0
d7g2jmjqBys,186,7
EG4s3MmE70k,664,35
7BZ3K0tGuiU,50,0
-ctkwhCjYA4,298,3
h1ptq3xxne0,35,2
_n5XraK8EJk,279,5
979SQWhVTzo,2,0
Q8eroy8veAY,6,0
s5goCJIs-8I,274,13
jvNXgDRv_RQ,1434,47
f1Izh3-c88Y,5799,184
Sj44GtzQUTs,1142,47
K7j0razK1J0,259,13
I2EEifSWm40,306,8
UMgjkNXmUUg,47,0
LJ9dp8YAsuY,2,0
gjutRbwSZYQ,6,0
X0FwfkGObJM,80,2
948tpGNHGdc,39,2
8nQKvNZMF2c,312,7
aKnyKFIyZ4M,17,1
IdByeRm8K5o,634,26
rk7HGLQyAO4,308,29
bJY_plZjkZg,679,15
vHGB5L3J8aM,94,1
0nZ8O1oRN2w,24,0
ZPNA8Kf1xNY,295,26
eGhIBV1q1pY,4509,229
tYNoIpPm1vQ,83,8
13TmcAR5jos,1,0
3QaeFu0ueio,394,15
2XdgpAnAgNI,247,4
w3pEoScbc6k,12,0
RWqpQbrXysQ,141,4
3HMSQPMS6p4,2376,41
OSP4I39CcLk,51,2
vC76lAT87F0,840,20
6t3pImuB9uY,1379,36
9wu9zUWItY4,75,1
be3FXm95Vpc,43,1
soFeGPcJjPI,185,4
sxMxQD2mLVI,840,27
HexxBWnxx0U,9,0
DpnBEhxnjIg,53,1
IaQ0zKOeCEo,4768,181
q1HEQ7OsrSQ,32,1
1esX45gllB4,249,7
WwiOFYGLV2g,1,0
iH4K6kWA3ws,2,0
m6vs7qHJ9eQ,1567,38
L_YkParn9os,1813,28
fnLMaAw685I,26,0
-GT7qqVlLA8,48,1
uWEn7eUmnDc,338,17
FQJ8rfoRyUQ,132,3
HZ-mlYTmQmI,151,4
u5sPOj09Sd8,11,0
GYkuROKrjiQ,35,1
8iON2j7m6YA,524,3
i0KS-8jYZfw,19,1
KeVft5KJ74w,14,2
PEradxKG3QE,662,12
SNKMnRCi9EI,81,3
FVmAgytInrY,1998,25
dqlWqF5J6Nk,345,17
V8RAibBDqjk,62,1
RiGtr-F3rfk,1497,101
GzngZdXJu7w,10,0
2fuHN14hWO0,764,22
xyfTjOk7CWE,197,11
ZBlIXKN-1Nk,22,0
k6Dh26a8u6w,500,9
yF6lZNu4XXI,1929,68
LacuQd3drEY,75,2
RsA0Iv6CSiU,225,9
KnhkCOuMfGI,105,6
vTQ2YpXxAsQ,3640,86
EKteyUDpHdo,1033,18
VLJzSOW1JFM,169,4
Nq3cZQ0v-0A,298,5
WLAgYMi5UUQ,8,0
Mh5_C_zWQm0,150,5
6bhCq-qFzH8,20,1
zXbHd-RyT0c,6,0
nGD3WC-3FbY,407,23
9W_DntbDp7Y,4,0
bstUqoWXc2U,1439,58
LwWoxcm24qw,76,0
NMQyGGSmdUQ,13,1
xY1gnAQmm0Y,825,57
6PZnldg2ryM,46,8
RvctkAQaLh0,197,15
SYUYnPhywN0,18,0
y9b-t9HKSgY,3682,109
-AgK4_KS_eo,1125,54
QjdT3-FPEq4,8,0
9KYnbP7zg5k,363,11
BJPZNUlJ0zY,18,3
AWPsydFvP_4,194,3
sdv98oRdreY,2742,112
FM7hrAn5xI8,1877,56
Gb2aypD368o,73,4
B7aA94LSYZo,162,2
p7OIJ2pQmiA,4,0
7PQtMLKflFc,10,0
xP9B5LRNSCQ,147,11
GHravVGH_r8,3,0
fDBcAiPC0h8,241,5
nO7URIlWDis,84,2
xVXSqx9ZabE,90,3
X2mVL_trjmo,4500,125
FWAmsdRWtsY,28,1
5KbEZgxHK2k,156,5
mMLHjI6EMok,202,3
uUqD6-ZgF5Q,24,2
8AJ2pWa8tNc,492,8
8gaWANVz_yc,568,20
jKkAfkaMVQw,44,1
MA730fsToag,61,7
5pOC9NhxqAI,132,4
c1ob-PV7FEQ,16,0
kujtF7tZ1Zk,2221,73
_OoLKernIt0,18,0
lFt7VpHoWvs,228,9
-zy12nIOxj0,42,0
MronBTaDYEY,1,0
qV_n1iRf5DY,4,1
lEtU83_dZbs,16,2
3a8e4h-TZl8,40,1
2AfMGTNMguQ,92,7
FvOz0JOalGI,52,1
1R81mRVob7c,185,3
cd3rHTFlF7U,43,0
kUc-izH_TNU,4,0
sHtmlPBQReQ,1,0
zQ74dNRe4VQ,24,0
Klr-pSJ5TlA,66,7
4Nsfk2lek2g,3432,193
Gb2NOSizF7s,70,0
0qbKZEEt1ns,467,14
r1RDEL45Pg8,476,9
wVzWTF-efqI,47,5
DFL8iQ3p3cI,497,8
0zse1_Ou34k,236,9
hjBReY0vYIc,505,20
8CSF_XltDoc,1004,35
exj1IWH95J8,2,0
HOUSm8IIOsE,43,1
IAEgkDXh9TE,173,1
pJEGUQt63gw,1713,55
aUzdOtOM7BI,28,0
n1NNC_p4pQ8,30,1
zkKb9_F7pL0,18,1
9kpcjWoO1_4,146,0
OVNRIazUMGw,50,0
tJ2YnC7p6O8,96,2
XiWZb9J8UT8,22,0
ri9xt0pLkvc,18,1
0Qybc4LVjX0,141,4
nL8PvXzr99Q,40,1
68V58pPTHCg,3,0
d45tC_0TUWk,3198,218
5yLFRQTh0qQ,1104,44
w24BRkjfjtg,5,0
L3iwN4CoHiM,18,1
lRpkkqekwAU,88,7
wWhIGDd4C88,17,0
vqaKFXyJ5P8,34,4
IbaWi7P0rxM,83,4
kCLb-8b2csc,1667,110
UmIOkZwWbQA,168,5
HXHJnCtfNs8,419,17
_wIB5gnY8gc,86,3
XuphBq-kbHE,155,2
VMDeKUt2-yk,812,30
ImsuKl8FbUw,36,1
7cuFByURynk,65,2
YvMvELAMsRA,155,0
2WhrFpNXSms,1146,37
J-gcDRfTx5k,234,11
NNm3DElqFLQ,123,8
N_l-J_LePZ8,67,3
-Qy0xNjr-Qg,178,20
wVV47OGOGuc,41,2
ecfj-opUw2g,51,0
CoshgUGnLiA,623,15
BZ9DSnN0DDo,38,2
Zg0yKHddzJY,103,1
TSdPzbwKBHE,2,0
j3Q_Y7_hzYw,15,1
Ywha5gqfm8g,73,5
aUUl-raIaAw,83,6
horADlXgJU8,110,2
QmGbgu_Qq9U,43,1
jUq-iu8kvJw,74,2
PRd4w85d88I,200,11
4R5rOL9zjkw,1911,43
pJi7C3L_u3o,973,36
vv5_5cxscok,130,6
l3E_Zjiikl8,403,23
rkrDJNt-CiM,75,2
PxS92fMcokQ,119,1
c_tdrlNYbGQ,3,1
ub9VKR-Nev4,136,2
LCyfEUzc9cU,89,3
8qDy4jAgICU,24,1
kiKagcuJPT4,414,40
YdaSnWlanvA,1233,73
vC-DDD71cAc,204,2
MonsPhLBHJw,556,11
dskqaYciNm4,90,0
FoN1cq2kdH4,5,1
BQ6qYqnT4OU,6837,713
Mr3Glq94FHA,194,11
KmaRp2skKp4,796,26
XD9P5l9XHQI,4645,273
hKd5xLWHwrw,56,4
8O6qyPXfrH0,111,4
Pj9W-zr3_e8,1904,94
d9IS6rgBnfg,216,10
gvo6li61hew,4583,165
lSkXpKZrTRY,12,1
21UPGRT0tYQ,886,55
eUMFhvvRtZc,33,1
5uURbWdjz08,2737,103
MFaHchGtYfw,317,16
FPZekLZLh_w,32,4
8cdOgYpPP_g,23,0
qQH1BN_q5p0,40,4
WTZ3QD-rYD8,6,0
wwvYFDAk0YE,64,15
WlQM5GB5Vpk,477,10
-Sv04CYwon0,360,23
TaBvnY065zI,17,0
shHlybxtlKo,706,36
sB1ukPf5axg,753,29
nrOMiWKFiv4,7945,234
b3uszb9CWyA,78,5
v7PWP9jfWzk,47,2
33XQTAfLgvs,32,1
Z_Anwu7LDkI,814,32
0CuLBjQZkgY,249,21
DLXmPZkdKsw,1452,54
xuwd6d1myTY,986,106
XK_A4AmoPoU,698,17
02SwCzUWYJs,3659,521
yRYR5KuiSyU,39,0
8hG8uAtE5yQ,1,0
zv8H1fhd3PE,1211,66
cZhXTHVJDBQ,65,1
A7u5ZBCcOMI,2124,68
6ay_o0pQ2NA,1,0
I5yBvOofETU,754,23
d0AACXsBMX0,739,12
Bw7jortYgRU,195,4
cddUOwm22yM,596,24
7KcFqVOoVcA,9,2
-1SFOpLgR78,333,15
ucgb9MdGE1U,227,5
ajD84j9hjFI,951,30
msnEJB3OIgQ,60,2
sRRUnGdUzZ4,833,33
2FXbzVsA3tw,104,2
B0FT4BzF5UE,13,1
dazByuXnQm0,6,0
jw9hz8zhKaI,4,0
TQSDX0_h_XU,113,7
KnPAiV5X1II,21,1
XTu4Hm1GKPM,3,0
AAWUOEott9s,45,0
L3xxbMbgwFw,170,4
xFBi09z5Wzk,393,13
lLSGFsd1qQ0,950,40
CAYuV_vglXU,58,1
SvtJEcmfRtY,452,20
fDgyUlhAebI,580,30
0tPft3UxLTY,18,1
tyTXKLz7DGA,9,0
XsnUdwStp1g,3,0
uxz7kyy23a0,42,0
3ibFDg8_wrA,41,3
-j8bozEnk04,6,0
--0ygXbCFoU,16,0
WB_Ce3IgzRE,51,6
l2jGpEWNYNc,869,56
ljOJLSvhrHs,884,34
XcFMbH01-wg,28,0
g23HIuLuxZ8,99,4
9g-xPTpeL_0,195,4
zUn4Hi4RGew,182,3
RJOLMk64c7Y,119,7
BiQizeJ7wI0,2771,67
9h_i4jp7dXc,156,4
UBZ6Bd0LDjs,291,14
_6416oRHYNI,18,0
TYK70Y59Zvs,62,2
HoTGTF9Fl88,269,7
rDUfJaWJRlQ,1099,49
aIDwi8AfZDE,46,3
j5dDW43-kHg,73,3
ljRzyjTELUk,127,5
ICFI6nTV0iA,3,0
iMCJ4UcxgNw,1,0
s4YRbvMnZyQ,2936,122
HdiO2J7GsWU,12,0
Nn3-MbEP1MY,3021,79
MHKsnGbMVFg,30,3
honVeCG8T6M,25,0
Smc-bEQz--Q,60,2
auyDH1aQs8o,1561,66
5DRaRp2LlwU,407,11
_efYxdlYgOw,38,2
sXx7zb-rHXA,255,6
tDABVZZ4qoc,636,12
V3-suIRd19c,3,0
mxBacxtZ1Lk,2770,247
LHK0QLx3yco,401,23
-5TIbdAkdA8,75,11
g4DrrTa1w-A,1,1
rtJyYMpVg-I,45,0
A4uZGyh1uTk,394,22
41kWYJHfKvU,682,22
RwvboGy5ZLY,885,23
Nb9PqfwBHKA,264,18
6ehTqXYXqiI,3008,92
DZLWzq0Smrs,539,9
1M6US-s1te0,116,7
3ND23DC9UVM,310,10
y1zWkpYWlX8,18,0
PKKrb4C9ypw,1407,25
9RvyOGGlM24,398,12
o0JUT_26zxc,174,4
hJ7tltHvapc,427,14
J3PCYOhTjmI,93,1
rGMpS1oc-Zo,154,14
6DKluo0h59Q,226,8
mEDMw-fB7Z0,2571,80
XtI1sDU19us,759,34
93wH5CRd4NM,2,1
YLUaCdFAGLc,1060,38
swfaH0fYy9w,191,5
qh1nDpR4TlI,6988,508
4I9I9e85nfs,72,3
LX-OQgD94gM,101,4
nOGEcBEprVU,6,1
8Yje9ebBc_E,797,35
1LZRMP7RigA,488,14
3ovNpL_pMqg,119,4
FcaX3Tyqh_k,981,26
tC034CDh1A4,69,6
q1dU9cUH2-g,38,1
Mhl8MfPtzmw,140,5
Z2HJVPH43cY,524,10
dwF3o4aW6R0,91,5
8n9L0wp22p0,167,21
QbcmAD8Wlc0,2871,126
QdHYcMNNnlU,1548,37
8xTxWHAJAHY,39,5
MdPYY9r2v_A,824,15
KGHaAu6_8Lk,150,2
_os44QrlYcQ,395,20
G23xDlSf7fo,242,14
EmE62X61nBY,169,14
_cjLpeD0WSY,92,4
WEqQoO3watw,351,12
DNzzkoXOy5M,211,3
XdGHUHgcW_I,9,0
h_7TruwvwBw,2041,65
-6GKYuw6r6g,50,1
vybviJHUDo0,116,2
Y7u6uMEAAn4,34,1
nm2N7SYsUxE,2058,107
E6GDT-7o6DA,680,19
0zsEZpt9QCQ,13,1
bMyhT6NiKlg,1091,33
crBfKSXy-gU,7920,470
pHXlvG7S8mI,1022,25
0GwJp_pdYA4,72,6
tL4MLgb3pE0,54,0
bu7wwMIrxak,295,20
eKR6_aOTEqM,62,3
OaGmF5kT8m8,71,5
1X8-Q9l59N0,19,0
4vw406iyqkc,275,44
D_4_Vc3Btzs,46,7
-7EOPRclPF4,32,3
gN8MegcTfSg,146,6
TRn41mK5dX8,255,21
bQCUJyIvdt4,146,1
iemEuCTltPo,162,7
2qQJuwZ5yp0,113,7
ywhqh7kTq3M,111,1
4_dDiOTv6rQ,13,0
aCynjNCFPKE,18,0
fTlcL3I7Vts,28,1
RpJjpMo3_00,881,25
FmKs7Y21xVU,4,0
V015KEW1Hak,714,60
DNsYf5J3umU,302,7
XxpNgTDAW9c,7,0
Yqav-nFIpgM,21,2
EAPMRXWJkOE,123,5
-oXtTFm9JB0,1066,84
NEsAsycenfU,27,0
MG2G2EOlnlE,1377,32
pA_nXWHvUL8,325,3
yUWtyxNCGVg,1056,30
DSGHEdMYYEo,66,2
t6gOYwdT8C8,469,30
wtBlkxVYUkY,605,10
Sw4TtYqWgrQ,22,2
9-JHW3Y2PII,114,6
4qOuuMf6euA,30,2
cDtImoxr_Mg,80,3
ckQdUK-r3wQ,3178,184
FbNT01-ORnU,5769,264
NP8JhahiFJM,2,0
_lp77rRFxcc,12086,506
BPakhZGM05E,11,0
uN2VFoxL450,196,7
X0cexOQalMo,47,0
VP0cHc0PLhs,445,26
T9TG4wwRtfs,120,4
PAaoOvrwlxo,60,2
t66GbiKIPng,395,9
CdSEYgeM92k,9907,395
Ia3abCiYX3w,491,10
snj-YXZLhtY,3,1
wuQfNxzcZYY,4,0
Lx5-2c1NELc,47,1
EJTHKB4H5JI,420,15
jA8R1GdYNMs,45,3
g9_AqkdiF7c,27,0
eVm-xjEYhIY,268,2
ggPt_9tU5bE,5,0
i0ue4JuSWRs,67,2
ErIQ-1wjBUA,44,0
KME-tOWyt6I,9,0
vWg0sJokHcA,896,36
iYxYglSqLdg,853,68
bVTkVVK7stc,227,14
IFNyEodPWL4,11,0
NMr1jrWvXK0,328,17
TUq3B0RjZE8,303,8
zJZSMhM1yYk,278,10
vuHaKXRa9Kg,1,0
A-N9aqa-Pt4,221,18
W1gruDrgHEo,3,0
6ImB2S8BpyE,369,13
LxkbHKNKMwk,2161,104
O3K3y04d_zA,402,20
HAH5WW4HGYA,45,1
BlBvmdXvzE4,4788,172
xmYxUBB6Qew,53,1
qq_vQZeXtMg,246,9
TZV00QNH_90,1133,28
w3nhai14LIQ,54,6
q9lSfSP8osk,4,0
_1NvlQCF9ts,2,0
BF7psqeNCik,192,6
CXI3sS9JKuk,233,6
vxD5OsS2Z3A,6,0
YM63PT19nKI,386,5
RsUAKzP0tOc,542,39
TJhJJsI_2E0,602,19
jdJkZDSjNuY,1,0
VazRfATKyFs,841,26
hd-ZttYlOa8,2062,115
_IhyKrgcfrU,123,2
qIge3qR2rsw,1774,107
LmyOaAOpIK8,354,7
aeeRKPWx6e8,298,13
2jDPeToynyg,20,4
1hg5KROEYiY,1276,29
x4iJV8y-UdI,8,0
l5uZghTgHak,45,3
5IjRyLo6-2k,655,52
ejfYQw_dO8o,3179,388
eX4Qpy2FyC8,68,3
Gu7HNqxLDr4,13,1
l9DmAZQoH-s,30,3
x0dLqZUWL_0,231,12
BkWsYa5vViE,261,9
o1Xp7cYFRzQ,63,0
c54hw3GNFLk,81,3
ReBp4W4Wux8,175,13
5W1JnXQuTg0,123,4
wOmP8oo4m4k,1985,50
chuwJSZ8rog,667,24
pRym-kxgtwY,1,0
bYWMoLYEFBY,2437,31
5KpGPkOear8,920,33
Jun2Zg2o6lA,49,0
dD2yfz_GjO4,383,3
V-X-JFV3hDU,43,2
4e9awg49vjs,290,14
sPBL-eybF-c,184,7
9mObE8FDXLg,2,0
jDvc3Q6xWjM,122,4
zi8KHtgw6Wg,11,0
fGhRyFOFko0,27,1
zEG5RuUhdEA,1321,49
YlKGgiCmdpc,970,35
ZSPIpkb_F94,69,2
m5rQzfN-VW8,3393,85
4LZxmTUE1yE,4,0
iCktA0Ctky8,125,1
YnjgvbCBKW8,3,0
qj8RsAj8zKQ,9,1
lAB6kWE2lDE,2225,82
phGBBW7Y7i8,119,8
SE9nOzOP7CE,830,45
92HtPb8COAw,15,0
snNQTivLVe4,364,10
29waDMTwpsE,59,1
Bl6OSpndCWE,534,18
TARYTTXGyWg,212,9
XJN_n6eTEfE,1226,41
SV86ohfUsFA,42,1
9yte1GZnf5s,4,0
mxDXx0InHdM,165,3
Ee9rYCwTIaI,569,53
VaYIGWN5HVQ,4449,157
pGBo45xkM3g,30,0
7d8VYFJAVxQ,38,0
krCjME7GEFY,4,0
ocpeEb0bKe4,192,13
LMjIGakW97c,300,11
dLBO7Nk_FAg,7926,418
TIvIvJGyCVU,1226,97
Z7mMoaBLihY,579,11
_IEAdoKgaQ4,135,4
P-T5Ey183-M,7,0
WfzoGmoVJXc,212,26
J6kOfM2maNw,82,3
8ih0UaRE3kA,1876,76
nZ-pVfszPCk,60,2
LRNGdFoF4_s,54,2
-diE7kCCidE,2940,164
ct8zGg5f7fw,2013,64
4168aJbyKmw,4354,211
pgOvf7h9xkY,23,0
xI2OORMvRus,129,6
oN5-24GNOGA,52,2
PE-UjlFURro,812,43
FBoZK9ng-II,4092,123
WM8ZEZrSD4s,373,27
OB1MciDSDOM,636,27
6jaXvZ6NlR4,7,0
BqQrmTdIXwo,39,0
r_5WAY61muE,109,4
m14enN_2Uo0,144,4
-8ZCdEWA-s4,2405,119
BOZrjj2vmPg,274,22
aHZcE0_1upc,14,1
pENpzu2Yd38,1119,26
Uqkkp7qUujc,183,9
LSxLfb2ADOE,6160,352
7FuTT40a5IA,84,3
65Yzips0bFA,276,10
y8Xx0MG768E,50,0
cJMouOYo6Zs,3,1
6Zh7nBoc9q8,140,11
zIi4YLwxUtQ,775,23
hFrB-86ziAI,475,13
3lTxOnU8dgI,661,6
BmHf0Q2IK0g,168,5
WnDDDWnOFjI,76,0
R6bJRM3cOwM,3,1
am2Si3DE13g,9,0
wxuY_HXSRoU,421,17
_-m_fPx7-fo,2390,116
rcF-11m3SnA,1626,43
zaUHhqPBf-8,566,27
1_YSmyzezqk,57,0
oyBQGu9ErJU,327,7
mTMfQSbiVlg,1486,82
qVz6enorIc0,35,1
3OyjhSNita0,961,44
TmH_DL_wO5c,20,2
Q6GEz86r_BE,20,1
KVmGjwV_BsU,169,5
UAmUeXe-ehU,2,0
L26EkfteAj8,71,6
QQ8mklgHlp0,742,26
aeDor_Z-M3M,28,2
BWutCR6jQ_k,135,9
9p7dRa9-7as,1534,68
UNac_ppTpyQ,350,5
KghGTmrMqhY,660,7
j5wUGkk5Cek,207,11
Koeg8dc0bCE,500,12
hT9yo1qZM5o,86,8
Kxe4yycqijk,55,3
94Y0cSF52Es,166,7
cCrF8XYNhyc,1,0
b0o-aGI1b8o,71,0
Fu4QYh62TSA,447,5
fihI_UZhqSM,879,43
LVL18qSIjoA,230,8
ftXpbrb1958,701,41
bGqnGGdlCdk,2,0
__Hrj7U1ct4,963,38
bQ38eqJH-ZA,597,46
ydssvKJzK4w,3425,176
NJ5vFyrXiK0,1160,29
Fk6bhCbGjkc,1320,56
bvP4OrSg5BY,65,4
WySls0R3_XU,403,25
yAq7wkzgOrI,225,33
G2hRvhxI5NY,19,1
-IabsM0KTac,69,1
dV-1IRljYlQ,1638,41
p5_Nr36yaCw,646,19
2VUEZQWtZUM,194,7
eJkw1nOfbbo,594,19
Bg1EEeK9ZdA,361,10
TnXgF7uz6Q0,502,15
lYp1GJoTgRY,22,1
tTe0exs3HhY,8,2
RwsuP1yl5NQ,86,4
4ud-5JxdD2g,1623,128
eDb91vHVM1o,1773,212
A4Rft2HSn60,48,1
voUvYUxDto8,280,9
ZJf4ZCNqR4o,19,2
6fqh3KTqTmc,385,26
I22M4MyTm0E,439,10
ZPkqz_AXVIY,42,1
PIIT7FJrAyo,26,4
PX-WUX4PqwA,264,22
GUQa2CW5shw,17,0
g9PvQitopDQ,2,0
hEzRwWBv7Oc,4403,241
qn0_Wd11Xjo,361,9
peb_hN36a-8,545,15
HS5mup8EaLw,1,0
ze1xPgs31LQ,39,2
Sfm74hu8t1E,85,2
aBLOgSi2Thk,74,2
WeBZQYqCSNw,113,7
ghuUc7y_HTQ,22,2
1RVFgvARoYU,180,5
UITu0ij43I4,58,1
w6tPD4bDIIk,1517,34
h1PsBWR8qXM,261,13
Nmc3xd8xbWE,4,0
iBES_1ljX5o,1063,54
azPDrI1zpZM,38,1
wGUJP2Ul1mI,922,30
5c0EiB1B6VY,953,51
oCuz4JAWaAU,239,25
tyk_4zyOWDc,937,27
ZWiS9suKXwI,498,17
9ZCCaVemGt0,92,5
6ImbgfSZzdY,725,43
pNwBzKGRcls,532,20
h8OT6QWnXN4,636,11
5W6rYLaxtaE,21,2
dNhQ2K-DVkA,9,0
7ZXziaZq9gQ,2514,82
IY6o0xLaHG8,20,0
rkBoXkrKXB8,896,40
F7h_4dOxegU,111,3
7I6_Sbz8dDw,49,3
Wpc7AQbvQwc,2,0
IO0LvNHYKGA,87,3
HOVB3Dr9eho,34,2
9zC4LhXTgbw,34,2
13mMfwfRNqk,545,24
DGbjiXV2iAo,24,1
rNR89Kq7E3M,37,6
Ud2U-GUSXDA,1239,89
gQVSf74VaHE,2,1
eDAwRpn_xoI,535,50
obCHCHCjdQA,158,21
wVnwaIjLKLQ,24,0
QIgDuX4gIak,362,9
HHOn_R2f5Ec,274,7
teI6ZVXfVPQ,95,10
2_m2rEwBRB0,907,23
FvLnoNyE_8Q,8,1
eskkKwwHsmk,306,15
_FHLxdWj3P4,307,9
BQ3v4k9NYFY,30,4
YEvyvI4hDvM,3,0
PmacT5SW2PY,104,9
eBpdi73uRZE,293,14
qTKlqEcKP9o,1357,37
VnqpR-bMpks,28,0
Ck-K1vHumPg,1685,80
LDpMd0hVIo8,142,6
AIS5_Sbn6Ig,1,0
PBul5hkW4vs,47,1
wc9pVwu04mI,42,3
wjuhRM_UUbQ,670,14
gV9LaqpFqmY,385,14
QMY9JtE11gQ,65,4
Ch5a2BPnAxQ,7688,292
QwBTifI62W4,132,16
4tBrQBYDtjY,1057,32
hxSX8AxpO8c,62,2
_CQn6B39wkQ,6,0
9nFmG1MDQeo,46,3
bX-p_XcqiGY,0,0
7wbGWwqObqA,268,29
WW-48R_V568,1476,69
tCL_TQ19vP0,62,5
TNZgngsL64I,1050,58
YbwKUBLM_pA,226,6
9aJjmHUVjeA,106,1
OjKkEL75lRE,50,7
xZgp7QVGdSU,1288,76
Yw04_Zh_0Ws,23,1
XFn6BB4jrmE,1724,30
p4YirlbZf0w,28,1
QpQAgLth030,38,3
1nz6yjQOSE4,352,16
deDV48A1aWU,1118,25
9UEz4hmgWk8,1993,55
hVlhZegW7vY,23,0
6G4oPsaWC0U,183,8
QkI_rWKEA6A,95,4
agHCZ_qMs_o,5091,221
DO3JsGX353I,88,9
HoREZnjsMO4,67,6
vHJd9GxEoX0,599,21
gnPIa0AH6DQ,1180,73
iqivM21cMLs,5,0
FaGNImKeg7E,3,0
TettHVVODyw,148,4
DLnwXmW98wo,62,3
MXXO7qivhCk,27,0
9vCXFWtkab8,120,3
ebyih7HSukg,84,2
kfqMrfvBDcY,735,25
u7BApwxR0sI,2,0
cnt_keWS_2M,76,2
xg20Zvhi6_o,1302,32
I9yD_7tR3AM,18,0
W6bY69MbU94,44,4
YxPU_U2aFPE,87,1
CYuzB7RTea8,160,18
fmphJyUc8bE,7,1
lG9ANRFGeOw,457,10
Z_CpRNKDwZg,18,0
FfagSVFTkss,754,16
_eEyu28BD4I,22,0
TGvqB4Y4SmA,1344,24
-LsfzUMC7qI,403,26
KitEWM1AAIc,221,38
tJjYJjAD40g,137,3
vdpoLjx4Ilc,7,0
9C14X0jEzHI,2,0
cqv6x-7XfrA,1824,61
zPgnYkDEdC0,1281,46
Y41I4AdrQ0I,108,5
FLCd57eJTiw,183,9
tqAUQKWZvak,12,1
mIIM8WKPZ6o,238,16
bf8RrM-XuZw,446,15
JJksoloubBg,2310,53
rGiMjMZbaO4,39,0
E_W8t_qGUVY,452,83
ncYSZ9F3lyE,317,12
Y7yNH0JXJtg,349,22
Z7UDZhrTQyI,157,0
AoYcpi6fk2M,15,0
XXkxsUMwy7c,172,5
dYbNNiSd8_I,5,1
WJn402g9YgY,75,4
Rj7AusiSkhk,274,4
6eQIrOPMZCs,27,2
cRrSe9K9gRs,211,2
bluIiCbKp6M,3,0
MdCy1Lr9Jqw,489,35
1o-iaSIJyN0,227,18
qt4_FCeQ8_4,280,18
wiNXFMBrXws,20,0
H-fgMQkNk3A,27,1
Rr_M-mISr-4,25,5
LWUhOhZ6gQs,4741,215
ityZlzycfEM,2,0
D16LXogXkYE,16,2
war6uCb32EI,204,6
gZbC40Civdg,151,7
YC3GOpKbypw,32,2
y0njyOjrAjM,299,16
PdeKOwS12vk,352,13
WwFBT4qXUMo,2504,78
ZV9CgxKlq1A,29,1
8KFkXcJuEtk,3701,107
TbmD-3ud3gI,35,1
mhk1s8IjBCs,42,4
korlP5_f27M,151,6
8Whitkkw5JA,161,10
ATjBMQNtu_0,51,5
jXAS-9ZNxvo,11,1
1sZ87rz0Vi8,2,0
HRF0dxs0DQM,442,16
H9qZeriLXqs,489,35
4zirup3m2Q8,172,4
ElXYowPLYpE,1,0
mWawMg-alKs,3094,137
dRmm5jw5lX4,58,0
8FAbqkaI9HY,199,16
QxDs2AvSv5o,1,0
em5QH3twXgA,51,0
aOc4W0sJfFU,21,0
hvBkt40XPhw,28,0
ilRArJc-6eo,2,1
oN5arplpUhM,66,1
-EDUpW7rUU4,30,1
38SaXNKG04w,39,0
13hmfL6T3_s,30,2
5-RPvOSSj3o,1436,49
Nb1kYMP-r1Q,17,0
87auQ1dg9-w,172,6
3OfSCVmIrPU,1075,55
swcMOxEJMV0,1339,47
7FDWpPlBsso,1422,65
PeQd6ludG1A,2,0
VK6aAOJVC_o,16,0
ykxlfcErSYs,11466,361
-nb0SBxEG9g,1057,72
BPljtuBBK7o,1540,69
vNoiw240REc,51,2
tLI_xgxl-UQ,282,18
tm5uSDx4wRI,116,10
hNDgcjVGHIw,28048,447
7_i17E7QNaY,3,0
cm8MQa_RO-s,1926,164
vpPzKCuXGU8,1442,68
a0f83YA844o,137,3
7DZLLVJsQa4,947,76
pUKGt47Wgpc,389,33
42SAl90vl90,22,0
c3Zxc_WPwLs,56,2
qIkNfZw2UEw,7,1
77dSOLdJSP4,2,0
U7tj_fKq5to,7384,374
lXSD5Nmlgbk,286,22
2KJ1Vr46Qfc,20,3
l4VfCl-kNzY,18,0
XCXUFZ41FFU,82,2
eRB9a1A-nZU,279,5
sDZ-w1jfcmI,146,7
tfU6mJZLEVk,58,5
ccNBA0Rlx2Y,21,0
JGXZBl_eSog,2,0
fTqWPjoqnlk,2,1
i1TT-zAy0V8,49,2
YddwB_OSQxM,478,10
oDUpOwJGL_I,2402,175
qE8QIzrNVK8,12544,719
qQdE20Sw1jA,125,7
VVZaI1Zwdtw,1,0
f5j6dV-zg6o,65,1
Mp4nNVHqlp8,12,1
0NAAm-cQQdE,3,0
N4N_c0ZFF_o,756,59
obCgE_6g21s,991,23
J9Pk5H2n094,21,1
Qh6Xclw6l-g,917,49
oYcupw1Umvk,4,0
BV78gwmqxfE,346,17
ZTDdpGyN7xg,169,4
Aj1_qf6Sx54,68,0
8v4nZckv4i8,15,2
Ny6UxXrxWoU,1,0
8UmgeK4qZfU,32,0
GF-6ghJ1xcE,869,60
EnNt9S6SeRI,1895,107
alpq_5dK1mo,192,21
_phdid3m8Hc,1,0
aKoUMETm7mc,13,1
obbGU-X2axI,1751,50
mjjo8dhZRfw,2,0
OwME93C4PdI,1955,123
bBZAMWMFOAI,61,3
lTr7cdewzus,178,7
apGEhHvu_0s,131,2
yDw-5g1n2AM,208,10
20L6HUYhOsU,40,1
2Rzct5nwEdM,551,28
3V8WKph9aI8,4,1
wNyckyFmci0,149,6
Vv7CD5Gr0Gw,127,7
azpGBcjsUE4,1382,55
BxdtWnLLhk8,1271,56
yzSpLJGGtvk,626,44
SKamneps6VI,99,6
XzWz-8rrpSI,6,0
G2VcsZCPp-k,405,31
j0Ps1IqyTeY,5363,469
BOgt9RG0ViU,15,0
_7hwN7VXMa8,20,1
6nvL1zb7pE0,42,3
J7pYsupH9fo,35,3
dCmhkgPy0lA,1,0
at-j7haq6u4,1,0
vM-rgHXjvWg,12,1
o3j28OixAtk,744,28
H4grCCbliCU,286,12
uC6JzYf71mU,10,1
mThilqq6Aa0,7,0
KcQRZ8S-fXo,50,2
ZFth0FSG-CQ,17,1
P0lc7Vr5GAI,619,11
Y41lI46rsQc,113,4
yQi6J6CvRoM,38,1
FaeqL4BFGH0,56,0
oikO5c9SbGM,110,7
DTr9UmTJM9Q,70,4
o6SBpZoe-nk,1,0
cHSoXeYOiIE,3625,196
3ikACOIwaVM,1,0
VP97FAcPlC4,6,1
dTDvkfuWav0,48,3
OBgT5p_hS54,9,1
bQDsQU5PC2I,148,8
Ms7QjTDH16s,563,32
MP62ShYKKQo,2,0
05oB9NpwbIE,166,17
sMbrU9EWa_g,7,0
uYhALiuNB04,37,4
Ie91EwtHiGE,1,0
grm82qiV_w0,17,0
h3ByN5ZsoN8,3318,153
1NbnGSYWkLM,1,0
dqN42zJ20Q4,379,25
iRifqlc-Lb8,107,7
U6fKck0ODgg,30,2
v1d0vnTF8OE,45,2
8Y3dt8DbiyM,256,1
dKS2X60r7kc,1047,27
YjH6_hsbyvY,229,9
85gFjsXP5E0,1,0
iavRDQ_P20g,15,0
JPxQC7SiaY4,276,19
-wXqSgd-OzI,28,1
yxd_N70e9vE,206,14
AP5gfUe8H1Q,26,0
sunim6O-AJU,474,11
qffCg8iXc1g,17,1
oQA7r17FyTk,2146,68
db1kgWoV68c,3,0
u4LiSdZYJcU,30,1
bl7hdHdXUmw,200,4
i4OlFg5tLZ0,293,17
xZ1rmmh3UXs,96,3
GQxVA0dtmDM,1103,59
kogtSdLl6Ok,1,0
pxmKpjHsCB8,27,0
kgyb_LA67WU,55,1
GtVftRRyjQI,61,3
shyJ97dqfIY,140,14
GDmjwayzy7o,4858,373
2r1y5g6BlLc,19,0
3BclRW1FjM8,9,0
LVuGxdQDz9M,41,1
06kpSSSfx6Y,218,8
yPg9bSqjEHE,37,0
b-Y7qkXb4E8,37,0
ZRZbhJw8iJQ,92,5
4SSzzCxnRL8,38,3
BDbIPczQvvQ,355,2
zgPAD_lGFWA,3,0
ceF7KavZcCU,10,0
nCs3OL8sNlU,2209,98
D5YxQqSWITw,31,0
jdlfYT_CSj8,5,0
WfZyIy-wN9I,85,1
RVVU_s_NhlY,4,0
WcKk0TTTSDw,38,4
0Igtg6cR0Sg,129,5
uEZRIxhnVuI,3649,92
nRgjrje0n5U,23,1
2FHSWtNm9Uw,1357,84
H0o1T_UcvGs,13,0
8p1C7aR-joE,2,0
mxLGU4E93HI,55,2
Xsy-lIBGCa0,850,84
HiPl3_cY5UE,403,19
vvcsZtbwUZY,17,1
6sO96I7LkEQ,22,0
LJ9Se3Nx-X0,109,8
4TNsF7ZiOCc,116,4
b4GLI-q5kec,1273,26
LJrisEIIkV4,659,31
pubABNXKUiw,63,1
ifaiuI3H7U0,5,0
s3Fn2Z038ks,486,7
1GxJfuZOmsQ,268,2
z5DBlI58rrc,74,0
npiE1NfjfbM,22,0
NJ0x9d8-aAU,71,8
vtbGk16mA0g,181,10
KkhR44kw3Ak,1438,57
ZvfriGma_o0,1114,40
Fi4R8MTOn70,125,3
szA-HctdRy8,8106,636
xeKS3M_QWJg,243,3
KwigXUmBYuc,973,47
qEZH3sfOKug,319,7
HJdjp1ZhbPw,64,3
PqR7buq3Sso,1,1
y_3Y7jDDzPM,192,5
rtLTZUaMSDQ,2935,173
gEJ9wWm_6N4,2,1
-tf991U__gI,3660,235
OYmVxtwAEgc,49,3
_EMi2h5V75w,857,15
UIePRld0_Q4,15,0
M-DwQDWgIEo,382,15
QSmdDAenkLQ,683,20
jYzqgObFr3U,260,6
awwkwOy4Mqo,403,8
IRqwin871e8,27,2
eYeIo8PywYc,595,32
yR1P-Dd-PCs,1546,96
fNeOsUsy5iQ,16,1
XT0B9abJC14,665,26
avEcGsXp0GE,2049,132
0ko-zfSsqGQ,150,4
xO962MqXU_E,631,38
i5jwlfriEGk,342,14
freW4CUuXcU,1,0
ReKxvoxjVOA,237,13
IMBM4a9tb4s,3,0
3R6HnOTiwYs,122,2
XvwKNL_RE6k,42,1
LHvnBDcMnRY,22,0
1fqiXzXs8vM,45,2
si28ewn6ZM8,21,1
HzmG50-e_Sw,129,9
Tx1lSUOivIA,131,11
dWM-H-5uK9g,356,20
K162PqsdqiY,863,21
fyWUA9rhoYg,114,10
_Tc9gZuDNgE,93,0
pnR9kwIuy3U,2314,131
SKxeYSfJN1k,4967,235
DWQhlkAnNGs,2594,219
l_4-IRUp0bQ,1622,81
6hvDwf3vgeI,215,14
rBeQzJ9r2Aw,15,5
aaJrrlYdwds,61,0
B_qskqBTKFo,96,11
PLHLqQnOugs,67,3
RrDRCsM-dD4,114,10
gxoJxSx_Uc8,120,15
mH_DWidb5II,2077,72
OBI5xX79uNk,155,6
28rPuj9oojk,469,24
U6Ig_gSnV14,656,25
-fq1CgpHCaM,13,1
NRqyazjsbsY,1066,36
qdY5lg3QaTo,574,22
uJET3pEWjFA,11489,365
GY4naMHNRS0,228,7
OkudOfnP31w,55,2
4NDn7Y-BzMs,2,0
Vjsv3Lvkx4U,321,5
jTd6Um0fBOU,3,1
GhXWDoiJURg,8,0
hr1el6KZYsc,24,0
0YKRh6aqqDU,56,2
cCBrjP083Fs,20,0
x-H7p2JU7ck,9,0
C3py0FyCWpk,987,44
bDBF_R2mmik,3711,252
tGHwTxr3-Is,3760,183
ZTBE-ThdwRk,3,0
cLUjAjMDkFo,30,0
tg_MNz255jQ,72,7
wSe065NdDvo,2617,146
EhYjAlyrzl4,516,8
Spp_psCj3l4,1276,68
9VfOYIL6QMU,1436,50
iko42HJT-bA,3039,72
4TNSuiwFrYY,14,1
X1o0RwoxxCM,6,0
q8gh-X95p4w,5,0
1VgGKr56tTk,47,1
iIMGnfQ3JZU,299,19
PRrdMWrUKKk,126,0
dlIF4RNPWwo,256,12
N4FFrSuyINA,219,16
FE4DoCehK9c,93,3
8p46QaiwS8o,127,8
CUlGNwUbY_8,143,3
igOZPfNvzVc,46,5
DGzB1McUbkQ,1379,71
7GOM8wumFY4,483,18
08zzAKHQ4bs,4,1
Xm8cBNHkMrI,52,7
OjVQwlrBtt4,1859,63
T7KCdOWLLRU,1688,179
4q8rqw8Hdmg,30,3
f3i-xhEiHmo,12,0
esfjfHv44bk,1181,38
tvcxNVs9K6g,11,0
3CnaI6yVw6E,117,3
HmQwGUTndV4,128,10
h4Oe1ifauPU,45,2
CFPU3hoiiME,33,2
y9Pq7JAjYrU,30,0
YT3k-6KVzjk,95,6
B3vjIIvBLtc,2095,48
1499MoT6rNs,141,10
UtdbJULDZVw,35,0
JOszzRANu3A,11,0
yghYduucXz0,250,3
Wiw9itEjKos,1,0
PxQ95RegAh4,3,0
W_2Hz3aw45s,126,7
C1uNYDJRpU8,772,37
JKMt4a7AZVw,10,0
rnMnncEMN5s,86,2
tSAIVyiciRs,2,0
D_dPUcQUlYU,939,21
ILj-KSDqaMc,38,1
PonXJw3ALsI,1,0
qeHkEs9iVf4,240,5
l2oXHzxcoEQ,1338,25
BmelyCgRLmE,1449,50
VV7wZkRwCBc,894,50
X1DL53cVJd0,6214,399
uaad_uBmk8Y,487,14
xvfIqfcXduQ,12,0
IizZjKco_ZI,1691,52
nKfwA7Pk04A,229,9
aF07xx5Dg8w,0,0
j1j6RMqD-m4,11,1
4yTWbhES_Ic,1693,73
dlMy1R0UTUk,3097,122
_I0nTTfzHWo,408,11
gRkW2cUNjuY,89,0
Au1xWSNrtdc,579,17
IJgMtHrDagQ,70,2
C-NFBa9RCzY,40,5
krn27jBvXgg,38,5
ACuNSJCIOnI,2092,98
A7TBn9u0QPw,66,3
PPN6mEjZmow,47,0
mpBHUSBAklA,3,0
zyBHEeXk3xE,33,2
5bzzURJ9xD8,618,16
5QW924AFGxA,118,7
TeFLyzOIgsQ,116,7
U72xHzjtZbM,77,2
-7inSeSKpvU,5,0
SnLCoUmbl2o,33,1
DlftsoGWsIg,1,0
i6CfYoMPISA,316,11
Nh_FOb5xWgY,21,0
QkWr3JXPyK0,22,1
3KmOE2coQEQ,757,22
rw2jJ7hU8QA,1152,121
NpPOGuvldwM,587,22
ewx_qy7O68E,2,0
6GlKyL-8Yfg,21,2
sR_8DlUhe40,280,8
JHl55IW8jjo,82,1
bxo7Ij0xn-U,377,16
XTqOJLm-9jk,59,4
Nt3eUfikao8,90,9
YD5OTW5TzOI,714,39
s1jPA3JYvxQ,35,0
JYvO_o30p-0,930,39
3M3HtDxYQRY,176,12
HR7g7BIE4iQ,15,2
_xVxkDfZ5dU,707,18
rgDIzYkVICI,8,0
_FF7nlWQuRU,2066,42
Z9NQ6VEciFk,1239,36
2wObq7Ltt98,13,1
nJhmrfqPGcc,21,0
53e3IaI0Ax0,17,0
xXPSctSbCrs,743,34
kqsXdGltxCE,25,1
sr_zBBVsEUY,23,3
iGu7BMYiy1o,19,1
waUVHmQYtus,263,8
u_TiabmPRo8,744,38
O6kNp8areoc,119,3
dT7iajdAjE0,2,0
r6drfv8FbMU,6,1
n8KaZI5XG28,1339,59
PsfEU9wrl9w,9,1
79P_vrYso8I,112,0
r-V-_QJcukE,43,4
DgsWa0DXrgo,371,8
g04pzhHuA0Y,9,0
OsdCWAsPCOI,158,5
XPVgbCEa_gY,543,48
lXZ47RWwpKQ,4,0
LNWbl27ktjE,38,2
_ZwnAOO5w2I,1767,75
eWS9rr90IOU,1,0
NrMb5cnGTZU,4,0
CW7ybeU-Pis,62,0
oT-2oKXg8cY,609,8
wqH-ckYC2qc,176,7
kzsEfPuk9Sg,712,23
Tha5co87nsM,106,6
IDKQS72KCa4,9,0
Wiird8Ek5j4,382,6
vI0z9fYXfHg,6,0
D_aRVH_yQ5I,110,9
gi3h6LFasOI,159,6
YWiMiWlX_Vg,125,7
433lSlqKlOA,466,13
vl7slVibMYo,2696,102
K4K7DVBzZ54,1556,95
K-4xy7FRXtE,2,0
TEZcEiW-nc0,107,5
m4BGaFFdIVY,28,0
_hbrFlRKZ34,94,3
xM8O21c8nzE,530,19
XRhCboDMAng,191,22
_kJkbJoZA-A,19,0
Cm1htFXEt1s,44,7
QqJfkXyf6ZY,229,4
8NA85HWyeBc,2,1
6VQ8WR87uSc,998,18
8Lk76XKhWTI,2886,78
n8OF7zhVqVc,549,21
rQ--MV21WAc,3505,75
ewKg8DkwcLc,5449,299
sQOSUW0c_vA,142,3
x4DcBowzk4I,11,1
BXkpmYpX5iE,167,5
46QinlyOEEs,7,0
O_0JhiTR3Uk,1691,32
YuUjyWmGQNM,7,0
IG2jqnVUMBw,2354,133
3ZwTfixYiIM,1208,77
u3vAFMELv4I,754,27
ddsPIOwlbjg,21,0
YQvILwnQef0,227,12
FPG22hOAv3g,12,0
RefH69kYJp8,361,13
UALBoEy2KRw,1366,37
KbejihtqvCs,216,9
eC92E4FkAcs,378,12
viDXcXJG7vg,9,0
FIDCLX6-TqQ,118,11
XdhigQd9ZbI,142,3
SEbJfMK3jCI,253,7
8VinlAYE0eg,78,2
8K6f0HvB7_I,1,0
sazyferuprQ,33,1
BqVp48dN6v0,2287,86
TEORpqqKdGk,1118,76
aC6zH_D2uGY,183,7
p6SzbeKhNBE,46,3
Q-_5ecJoW60,10,0
RRFGqCJDfmA,17,1
KnJ8kz2N6S4,684,40
Bti09_AMRRc,53,2
WXs_DI818pU,2,0
0LmoCfKiDRI,2337,299
inNo3ZwupHI,49,2
lpIo_WfyFO8,96,5
FVhn48wevO8,20,0
T1TDlMwFUsU,1406,87
Ut-FTxX8MIs,1174,95
980eNqwwgZs,242,10
jM7b7A8B_Vo,5,0
P_zvmo_j2do,171,6
YKXZ8Q2bH_I,4233,166
epyZlydv5ug,24,1
pb18Kngu-z0,38,2
WGny3zlR8CI,904,18
kyFmbKgwbVU,14,2
fEpr0XrGdq8,1715,119
Bx_R7VM-54o,269,14
ZbbihvyivO0,298,5
uFM7fkKG4rM,1441,30
zSKjSxMjU74,162,19
a6s_dZHdfqc,147,7
9aNzsbCfr1g,1070,49
WNT99sDs2jk,319,6
753MxXHvTNI,3047,173
kYDxpVKQH_w,10989,323
rTWUZlRY7fw,93,9
lpDbfH_SJX4,485,16
srfyutnyT4M,259,12
qAlqcqXtGiY,38,3
2yXcg4jNHsY,17,0
q0tMLKV2Kbc,82,2
d0lCcwTb1HA,1,0
F64115FNsIY,55,0
7uHBkvh3Olc,22,3
qn-B5IPEaos,461,9
tUUa53HIAUU,143,5
hQfjvax_kqg,238,6
P32qNq05F_8,5,0
Qbc829AooxM,320,23
oAzzoFlrv2Q,513,12
Ju3KSWYolOg,189,6
1uQF8Nq2wSA,55,0
Et-cimNaoas,19,1
3Xdbi5TRMG0,23,0
5GfsS4HH2Uw,1005,31
