channelId,videoId,treat
UCupvZG-5ko_eiXAupbDfxWw,ewKg8DkwcLc,0.0
UCupvZG-5ko_eiXAupbDfxWw,E4GXPtsHwKE,0.0
UCupvZG-5ko_eiXAupbDfxWw,Y7yNH0JXJtg,0.0
UCupvZG-5ko_eiXAupbDfxWw,e1uPISkMDLE,0.0
UCupvZG-5ko_eiXAupbDfxWw,6ehTqXYXqiI,0.0
UCupvZG-5ko_eiXAupbDfxWw,IG2jqnVUMBw,0.0
UCupvZG-5ko_eiXAupbDfxWw,BPljtuBBK7o,0.0
UCupvZG-5ko_eiXAupbDfxWw,fvzdaJ6_DXc,0.0
UCupvZG-5ko_eiXAupbDfxWw,GQxVA0dtmDM,0.0
UCupvZG-5ko_eiXAupbDfxWw,s4YRbvMnZyQ,0.0
UCupvZG-5ko_eiXAupbDfxWw,Bl6OSpndCWE,0.0
UCupvZG-5ko_eiXAupbDfxWw,XRhCboDMAng,0.0
UCupvZG-5ko_eiXAupbDfxWw,Qbc829AooxM,0.0
UCupvZG-5ko_eiXAupbDfxWw,QwBTifI62W4,0.0
UCupvZG-5ko_eiXAupbDfxWw,3CnaI6yVw6E,0.0
UCupvZG-5ko_eiXAupbDfxWw,mWawMg-alKs,0.0
UCupvZG-5ko_eiXAupbDfxWw,zPgnYkDEdC0,0.0
UCupvZG-5ko_eiXAupbDfxWw,ydssvKJzK4w,0.0
UCupvZG-5ko_eiXAupbDfxWw,qh1nDpR4TlI,0.0
UCupvZG-5ko_eiXAupbDfxWw,eJkw1nOfbbo,0.0
UCupvZG-5ko_eiXAupbDfxWw,6ImbgfSZzdY,0.0
UCupvZG-5ko_eiXAupbDfxWw,hjBReY0vYIc,0.0
UCupvZG-5ko_eiXAupbDfxWw,X1DL53cVJd0,0.0
UCupvZG-5ko_eiXAupbDfxWw,pJEGUQt63gw,0.0
UCupvZG-5ko_eiXAupbDfxWw,dlMy1R0UTUk,0.0
UCupvZG-5ko_eiXAupbDfxWw,BlBvmdXvzE4,0.0
UCupvZG-5ko_eiXAupbDfxWw,JPxQC7SiaY4,0.0
UCupvZG-5ko_eiXAupbDfxWw,-1SFOpLgR78,0.0
UCupvZG-5ko_eiXAupbDfxWw,WW-48R_V568,0.0
UCupvZG-5ko_eiXAupbDfxWw,_-m_fPx7-fo,0.0
UCupvZG-5ko_eiXAupbDfxWw,QQ8mklgHlp0,0.0
UCupvZG-5ko_eiXAupbDfxWw,xg20Zvhi6_o,0.0
UCupvZG-5ko_eiXAupbDfxWw,LJrisEIIkV4,0.0
UCupvZG-5ko_eiXAupbDfxWw,wxuY_HXSRoU,0.0
UCupvZG-5ko_eiXAupbDfxWw,_ZwnAOO5w2I,0.0
UCupvZG-5ko_eiXAupbDfxWw,_HICaBRL5g4,0.0
UCupvZG-5ko_eiXAupbDfxWw,mM7uuVfwjE0,0.0
UCBi2mrWuNuyYy4gbM6fU18Q,0ko-zfSsqGQ,0.0
UCBi2mrWuNuyYy4gbM6fU18Q,608lsQfxQk8,0.0
UCBi2mrWuNuyYy4gbM6fU18Q,mxBacxtZ1Lk,0.0
UCBi2mrWuNuyYy4gbM6fU18Q,Ud2U-GUSXDA,0.0
UCBi2mrWuNuyYy4gbM6fU18Q,H9qZeriLXqs,0.0
UCBi2mrWuNuyYy4gbM6fU18Q,XT0B9abJC14,0.0
UCBi2mrWuNuyYy4gbM6fU18Q,aUzdOtOM7BI,0.0
UCBi2mrWuNuyYy4gbM6fU18Q,rTWUZlRY7fw,0.0
UCBi2mrWuNuyYy4gbM6fU18Q,PRd4w85d88I,0.0
UCBi2mrWuNuyYy4gbM6fU18Q,lujyi7dzwZU,0.0
UCBi2mrWuNuyYy4gbM6fU18Q,U72xHzjtZbM,0.0
UCBi2mrWuNuyYy4gbM6fU18Q,JOszzRANu3A,0.0
UCBi2mrWuNuyYy4gbM6fU18Q,8v4nZckv4i8,0.0
UCBi2mrWuNuyYy4gbM6fU18Q,WO1wJloXVw0,0.0
UCBi2mrWuNuyYy4gbM6fU18Q,6DKluo0h59Q,0.0
UCBi2mrWuNuyYy4gbM6fU18Q,LRNGdFoF4_s,0.0
UCBi2mrWuNuyYy4gbM6fU18Q,ZlLy-gT0n_k,0.0
UCBi2mrWuNuyYy4gbM6fU18Q,Nmo_il5etoQ,0.0
UCBi2mrWuNuyYy4gbM6fU18Q,HAH5WW4HGYA,0.0
UCBi2mrWuNuyYy4gbM6fU18Q,3ovNpL_pMqg,0.0
UCBi2mrWuNuyYy4gbM6fU18Q,8FAbqkaI9HY,0.0
UCBi2mrWuNuyYy4gbM6fU18Q,B0FT4BzF5UE,0.0
UCBi2mrWuNuyYy4gbM6fU18Q,9C14X0jEzHI,0.0
UCBi2mrWuNuyYy4gbM6fU18Q,OOqgtLij_WA,0.0
UCBi2mrWuNuyYy4gbM6fU18Q,20L6HUYhOsU,0.0
UCBi2mrWuNuyYy4gbM6fU18Q,C-NFBa9RCzY,0.0
UCBi2mrWuNuyYy4gbM6fU18Q,aHZcE0_1upc,0.0
UCBi2mrWuNuyYy4gbM6fU18Q,03BQZT72PKI,0.0
UCBi2mrWuNuyYy4gbM6fU18Q,1fqiXzXs8vM,0.0
UCBi2mrWuNuyYy4gbM6fU18Q,hSj63KYLHd4,0.0
UCBi2mrWuNuyYy4gbM6fU18Q,tm5uSDx4wRI,0.0
UCBi2mrWuNuyYy4gbM6fU18Q,IO0LvNHYKGA,0.0
UCBi2mrWuNuyYy4gbM6fU18Q,hxKarHohVvc,0.0
UCBi2mrWuNuyYy4gbM6fU18Q,R0DByqBMOs8,0.0
UCBi2mrWuNuyYy4gbM6fU18Q,KbvgrnNEUuQ,0.0
UCBi2mrWuNuyYy4gbM6fU18Q,Mh5_C_zWQm0,0.0
UCBi2mrWuNuyYy4gbM6fU18Q,QfN2FTNJLdc,0.0
UCBi2mrWuNuyYy4gbM6fU18Q,OkudOfnP31w,0.0
UCBi2mrWuNuyYy4gbM6fU18Q,mIIM8WKPZ6o,0.0
UCBi2mrWuNuyYy4gbM6fU18Q,FoN1cq2kdH4,0.0
UCBi2mrWuNuyYy4gbM6fU18Q,2corSKUV5nw,0.0
UCBi2mrWuNuyYy4gbM6fU18Q,N4N_c0ZFF_o,0.0
UCBi2mrWuNuyYy4gbM6fU18Q,l5uZghTgHak,0.0
UCBi2mrWuNuyYy4gbM6fU18Q,inNo3ZwupHI,0.0
UCBi2mrWuNuyYy4gbM6fU18Q,NwYm4EaBlts,0.0
UCBi2mrWuNuyYy4gbM6fU18Q,wVV47OGOGuc,0.0
UCBi2mrWuNuyYy4gbM6fU18Q,E_W8t_qGUVY,0.0
UCBi2mrWuNuyYy4gbM6fU18Q,2FXbzVsA3tw,0.0
UCBi2mrWuNuyYy4gbM6fU18Q,yPg9bSqjEHE,0.0
UCBi2mrWuNuyYy4gbM6fU18Q,ncYSZ9F3lyE,0.0
UCBi2mrWuNuyYy4gbM6fU18Q,NpPOGuvldwM,0.0
UCBi2mrWuNuyYy4gbM6fU18Q,Ck-K1vHumPg,0.0
UCBi2mrWuNuyYy4gbM6fU18Q,qq_vQZeXtMg,0.0
UCBi2mrWuNuyYy4gbM6fU18Q,YWiMiWlX_Vg,0.0
UCBi2mrWuNuyYy4gbM6fU18Q,FIDCLX6-TqQ,0.0
UC16niRr50-MSBwiO3YDb3RA,8Y3dt8DbiyM,0.0
UC16niRr50-MSBwiO3YDb3RA,jYzqgObFr3U,0.0
UC16niRr50-MSBwiO3YDb3RA,BOZrjj2vmPg,0.0
UC16niRr50-MSBwiO3YDb3RA,28rPuj9oojk,0.0
UC16niRr50-MSBwiO3YDb3RA,FQJ8rfoRyUQ,0.0
UC16niRr50-MSBwiO3YDb3RA,mOs_dTG_lYk,0.0
UC16niRr50-MSBwiO3YDb3RA,FM7hrAn5xI8,0.0
UC16niRr50-MSBwiO3YDb3RA,K7j0razK1J0,0.0
UC16niRr50-MSBwiO3YDb3RA,gxoJxSx_Uc8,0.0
UC16niRr50-MSBwiO3YDb3RA,soFeGPcJjPI,0.0
UC16niRr50-MSBwiO3YDb3RA,pA_nXWHvUL8,0.0
UC16niRr50-MSBwiO3YDb3RA,gV9LaqpFqmY,0.0
UC16niRr50-MSBwiO3YDb3RA,vybviJHUDo0,0.0
UC16niRr50-MSBwiO3YDb3RA,7mXwWZ1SdyM,0.0
UC16niRr50-MSBwiO3YDb3RA,bQDsQU5PC2I,0.0
UC16niRr50-MSBwiO3YDb3RA,eRB9a1A-nZU,0.0
UC16niRr50-MSBwiO3YDb3RA,79P_vrYso8I,0.0
UC16niRr50-MSBwiO3YDb3RA,AoLgaqj9Q7s,0.0
UC16niRr50-MSBwiO3YDb3RA,hw25L8OiA5Y,0.0
UC16niRr50-MSBwiO3YDb3RA,6ImB2S8BpyE,0.0
UC16niRr50-MSBwiO3YDb3RA,x0dLqZUWL_0,0.0
UC16niRr50-MSBwiO3YDb3RA,TeFLyzOIgsQ,0.0
UC16niRr50-MSBwiO3YDb3RA,SvtJEcmfRtY,0.0
UC16niRr50-MSBwiO3YDb3RA,BxdtWnLLhk8,0.0
UC16niRr50-MSBwiO3YDb3RA,eVm-xjEYhIY,0.0
UC16niRr50-MSBwiO3YDb3RA,1o-iaSIJyN0,0.0
UC16niRr50-MSBwiO3YDb3RA,CoshgUGnLiA,0.0
UC16niRr50-MSBwiO3YDb3RA,4yTWbhES_Ic,0.0
UC16niRr50-MSBwiO3YDb3RA,h1PsBWR8qXM,0.0
UC16niRr50-MSBwiO3YDb3RA,8AJ2pWa8tNc,0.0
UCLXo7UDZvByw2ixzpQCufnA,Ia3abCiYX3w,0.0
UC9k-yiEpRHMNVOnOi_aQK8w,aQzGPDnJqmc,0.0
UC9k-yiEpRHMNVOnOi_aQK8w,zv8H1fhd3PE,0.0
UC9k-yiEpRHMNVOnOi_aQK8w,02SwCzUWYJs,0.0
UC9k-yiEpRHMNVOnOi_aQK8w,hEzRwWBv7Oc,0.0
UC9k-yiEpRHMNVOnOi_aQK8w,pNwBzKGRcls,0.0
UC9k-yiEpRHMNVOnOi_aQK8w,5GfsS4HH2Uw,0.0
UC9k-yiEpRHMNVOnOi_aQK8w,Cy4ovPDCWz4,0.0
UC9k-yiEpRHMNVOnOi_aQK8w,EnNt9S6SeRI,0.0
UC9k-yiEpRHMNVOnOi_aQK8w,z1wj622Ghi4,0.0
UC9k-yiEpRHMNVOnOi_aQK8w,T6XfoFwK8i4,0.0
UC9k-yiEpRHMNVOnOi_aQK8w,3OyjhSNita0,0.0
UC9k-yiEpRHMNVOnOi_aQK8w,21UPGRT0tYQ,0.0
UC9k-yiEpRHMNVOnOi_aQK8w,0R8rAbVBQ84,0.0
UC9k-yiEpRHMNVOnOi_aQK8w,xA4MiTj3uS8,0.0
UC9k-yiEpRHMNVOnOi_aQK8w,j3xyfwNafUc,0.0
UC9k-yiEpRHMNVOnOi_aQK8w,GY4naMHNRS0,0.0
UC9k-yiEpRHMNVOnOi_aQK8w,YlKGgiCmdpc,0.0
UC9k-yiEpRHMNVOnOi_aQK8w,fyWUA9rhoYg,0.0
UC9k-yiEpRHMNVOnOi_aQK8w,fihI_UZhqSM,0.0
UC9k-yiEpRHMNVOnOi_aQK8w,korlP5_f27M,0.0
UC9k-yiEpRHMNVOnOi_aQK8w,2WhrFpNXSms,0.0
UC9k-yiEpRHMNVOnOi_aQK8w,DNiPS0yRKrs,0.0
UC9k-yiEpRHMNVOnOi_aQK8w,5c0EiB1B6VY,0.0
UC9k-yiEpRHMNVOnOi_aQK8w,bxo7Ij0xn-U,0.0
UC9k-yiEpRHMNVOnOi_aQK8w,G2VcsZCPp-k,0.0
UC9k-yiEpRHMNVOnOi_aQK8w,_IhyKrgcfrU,0.0
UC9k-yiEpRHMNVOnOi_aQK8w,O6kNp8areoc,0.0
UC9k-yiEpRHMNVOnOi_aQK8w,vtbGk16mA0g,0.0
UC9k-yiEpRHMNVOnOi_aQK8w,3KEHOSJl0d8,0.0
UC9k-yiEpRHMNVOnOi_aQK8w,cd3rHTFlF7U,0.0
UC9k-yiEpRHMNVOnOi_aQK8w,_wIB5gnY8gc,0.0
UC9k-yiEpRHMNVOnOi_aQK8w,E4xHQvAAbbE,0.0
UC9k-yiEpRHMNVOnOi_aQK8w,Nb9PqfwBHKA,0.0
UC9k-yiEpRHMNVOnOi_aQK8w,PzrBONtgKA0,0.0
UC9k-yiEpRHMNVOnOi_aQK8w,9ZCCaVemGt0,0.0
UC9k-yiEpRHMNVOnOi_aQK8w,t6gOYwdT8C8,0.0
UC9k-yiEpRHMNVOnOi_aQK8w,zJZSMhM1yYk,0.0
UC9k-yiEpRHMNVOnOi_aQK8w,BkWsYa5vViE,0.0
UC9k-yiEpRHMNVOnOi_aQK8w,Nt3eUfikao8,0.0
UC9k-yiEpRHMNVOnOi_aQK8w,CYuzB7RTea8,0.0
UC9k-yiEpRHMNVOnOi_aQK8w,y9Pq7JAjYrU,0.0
UC9k-yiEpRHMNVOnOi_aQK8w,SfpVSZ1SpjI,0.0
UC9k-yiEpRHMNVOnOi_aQK8w,F7h_4dOxegU,0.0
UC9k-yiEpRHMNVOnOi_aQK8w,8mdButnYisM,0.0
UCXIJgqnII2ZOINSWNOGFThA,uEZRIxhnVuI,0.0
UCXIJgqnII2ZOINSWNOGFThA,QdHYcMNNnlU,0.0
UCXIJgqnII2ZOINSWNOGFThA,oO4kzstnFXI,0.0
UCXIJgqnII2ZOINSWNOGFThA,vl7slVibMYo,0.0
UCXIJgqnII2ZOINSWNOGFThA,IaQ0zKOeCEo,0.0
UCXIJgqnII2ZOINSWNOGFThA,auyDH1aQs8o,0.0
UCXIJgqnII2ZOINSWNOGFThA,3lTxOnU8dgI,0.0
UCXIJgqnII2ZOINSWNOGFThA,VaYIGWN5HVQ,0.0
UCXIJgqnII2ZOINSWNOGFThA,gvo6li61hew,0.0
UCXIJgqnII2ZOINSWNOGFThA,vWg0sJokHcA,0.0
UCXIJgqnII2ZOINSWNOGFThA,rQ--MV21WAc,0.0
UCXIJgqnII2ZOINSWNOGFThA,mEDMw-fB7Z0,0.0
UCXIJgqnII2ZOINSWNOGFThA,tGHwTxr3-Is,0.0
UCXIJgqnII2ZOINSWNOGFThA,OjVQwlrBtt4,0.0
UCXIJgqnII2ZOINSWNOGFThA,D_dPUcQUlYU,0.0
UCXIJgqnII2ZOINSWNOGFThA,rDUfJaWJRlQ,0.0
UCXIJgqnII2ZOINSWNOGFThA,uJET3pEWjFA,0.0
UCXIJgqnII2ZOINSWNOGFThA,vQNl8PpcSHw,0.0
UCXIJgqnII2ZOINSWNOGFThA,QsP-n54qBEU,0.0
UCXIJgqnII2ZOINSWNOGFThA,LxkbHKNKMwk,0.0
UCXIJgqnII2ZOINSWNOGFThA,bu7wwMIrxak,0.0
UCXIJgqnII2ZOINSWNOGFThA,XFn6BB4jrmE,0.0
UCXIJgqnII2ZOINSWNOGFThA,kujtF7tZ1Zk,0.0
UCXIJgqnII2ZOINSWNOGFThA,LWUhOhZ6gQs,0.0
UCXIJgqnII2ZOINSWNOGFThA,phB10ZoGWBM,0.0
UCXIJgqnII2ZOINSWNOGFThA,dOCYxHk1Bl8,0.0
UCXIJgqnII2ZOINSWNOGFThA,vTQ2YpXxAsQ,0.0
UCXIJgqnII2ZOINSWNOGFThA,_laKJi8Xwh8,0.0
UCXIJgqnII2ZOINSWNOGFThA,IdByeRm8K5o,0.0
UCXIJgqnII2ZOINSWNOGFThA,bJY_plZjkZg,0.0
UCXIJgqnII2ZOINSWNOGFThA,A4uZGyh1uTk,0.0
UCXIJgqnII2ZOINSWNOGFThA,agHCZ_qMs_o,0.0
UCXIJgqnII2ZOINSWNOGFThA,tyk_4zyOWDc,0.0
UCXIJgqnII2ZOINSWNOGFThA,oQA7r17FyTk,0.0
UCXIJgqnII2ZOINSWNOGFThA,3OfSCVmIrPU,0.0
UCXIJgqnII2ZOINSWNOGFThA,RefH69kYJp8,0.0
UCXIJgqnII2ZOINSWNOGFThA,oJVkME2cy6E,0.0
UCXIJgqnII2ZOINSWNOGFThA,dLBO7Nk_FAg,0.0
UCXIJgqnII2ZOINSWNOGFThA,6VQ8WR87uSc,0.0
UCXIJgqnII2ZOINSWNOGFThA,gnPIa0AH6DQ,0.0
UCXIJgqnII2ZOINSWNOGFThA,wGUJP2Ul1mI,0.0
UCXIJgqnII2ZOINSWNOGFThA,cqv6x-7XfrA,0.0
UCXIJgqnII2ZOINSWNOGFThA,FcaX3Tyqh_k,0.0
UCXIJgqnII2ZOINSWNOGFThA,wZDvWH45BUQ,0.0
UCXIJgqnII2ZOINSWNOGFThA,bf8RrM-XuZw,0.0
UCXIJgqnII2ZOINSWNOGFThA,wSe065NdDvo,0.0
UCXIJgqnII2ZOINSWNOGFThA,vpPzKCuXGU8,0.0
UCXIJgqnII2ZOINSWNOGFThA,xtRv-pZP9ic,0.0
UCXIJgqnII2ZOINSWNOGFThA,CdSEYgeM92k,0.0
UCXIJgqnII2ZOINSWNOGFThA,22c6H-8JlAU,0.0
UCXIJgqnII2ZOINSWNOGFThA,yR1P-Dd-PCs,0.0
UCXIJgqnII2ZOINSWNOGFThA,XJN_n6eTEfE,0.0
UCXIJgqnII2ZOINSWNOGFThA,Ee9rYCwTIaI,0.0
UCXIJgqnII2ZOINSWNOGFThA,qt4_FCeQ8_4,0.0
UCXIJgqnII2ZOINSWNOGFThA,3KmOE2coQEQ,0.0
UCXIJgqnII2ZOINSWNOGFThA,X2mVL_trjmo,0.0
UCXIJgqnII2ZOINSWNOGFThA,DNsYf5J3umU,0.0
UCXIJgqnII2ZOINSWNOGFThA,wRLwaq5HzkE,0.0
UCXIJgqnII2ZOINSWNOGFThA,UAtSE-ytvk4,0.0
UCXIJgqnII2ZOINSWNOGFThA,FbNT01-ORnU,0.0
UCXIJgqnII2ZOINSWNOGFThA,wneboFj2-Tc,0.0
UCXIJgqnII2ZOINSWNOGFThA,bstUqoWXc2U,0.0
UCXIJgqnII2ZOINSWNOGFThA,Spp_psCj3l4,0.0
UCXIJgqnII2ZOINSWNOGFThA,anYwA38FrmQ,0.0
UCNye-wNBqNL5ZzHSJj3l8Bg,k6Dh26a8u6w,0.0
UCNye-wNBqNL5ZzHSJj3l8Bg,jiDwYsMP-5c,0.0
UCNye-wNBqNL5ZzHSJj3l8Bg,nDVh2g-n3Ts,0.0
UCNye-wNBqNL5ZzHSJj3l8Bg,1_YSmyzezqk,0.0
UCNye-wNBqNL5ZzHSJj3l8Bg,Iud-fYe4LM4,0.0
UCNye-wNBqNL5ZzHSJj3l8Bg,ze1xPgs31LQ,0.0
UCNye-wNBqNL5ZzHSJj3l8Bg,bvP4OrSg5BY,0.0
UCNye-wNBqNL5ZzHSJj3l8Bg,H-fgMQkNk3A,0.0
UCNye-wNBqNL5ZzHSJj3l8Bg,yxd_N70e9vE,0.0
UCNye-wNBqNL5ZzHSJj3l8Bg,Cm1htFXEt1s,0.0
UCNye-wNBqNL5ZzHSJj3l8Bg,DTr9UmTJM9Q,0.0
UCNye-wNBqNL5ZzHSJj3l8Bg,IRqwin871e8,0.0
UCNye-wNBqNL5ZzHSJj3l8Bg,aC6zH_D2uGY,0.0
UCNye-wNBqNL5ZzHSJj3l8Bg,-5TIbdAkdA8,0.0
UCNye-wNBqNL5ZzHSJj3l8Bg,i0ue4JuSWRs,0.0
UCNye-wNBqNL5ZzHSJj3l8Bg,G2hRvhxI5NY,0.0
UCNye-wNBqNL5ZzHSJj3l8Bg,krn27jBvXgg,0.0
UCNye-wNBqNL5ZzHSJj3l8Bg,zkKb9_F7pL0,0.0
UCNye-wNBqNL5ZzHSJj3l8Bg,HoREZnjsMO4,0.0
UCNye-wNBqNL5ZzHSJj3l8Bg,em5QH3twXgA,0.0
UCNye-wNBqNL5ZzHSJj3l8Bg,GzngZdXJu7w,0.0
UCNye-wNBqNL5ZzHSJj3l8Bg,u4LiSdZYJcU,0.0
UCNye-wNBqNL5ZzHSJj3l8Bg,_CQn6B39wkQ,0.0
UCNye-wNBqNL5ZzHSJj3l8Bg,wc9pVwu04mI,0.0
UCNye-wNBqNL5ZzHSJj3l8Bg,LWg31n5wuHI,0.0
UCNye-wNBqNL5ZzHSJj3l8Bg,fGhRyFOFko0,0.0
UCNye-wNBqNL5ZzHSJj3l8Bg,xY1gnAQmm0Y,0.0
UCNye-wNBqNL5ZzHSJj3l8Bg,eX4Qpy2FyC8,0.0
UCNye-wNBqNL5ZzHSJj3l8Bg,vlczNepLypQ,0.0
UCNye-wNBqNL5ZzHSJj3l8Bg,ddsPIOwlbjg,0.0
UCNye-wNBqNL5ZzHSJj3l8Bg,FVhn48wevO8,0.0
UCNye-wNBqNL5ZzHSJj3l8Bg,0YKRh6aqqDU,0.0
UCNye-wNBqNL5ZzHSJj3l8Bg,LNWbl27ktjE,0.0
UCNye-wNBqNL5ZzHSJj3l8Bg,xeKS3M_QWJg,0.0
UCNye-wNBqNL5ZzHSJj3l8Bg,8qDy4jAgICU,0.0
UCNye-wNBqNL5ZzHSJj3l8Bg,yRYR5KuiSyU,0.0
UCNye-wNBqNL5ZzHSJj3l8Bg,5pOC9NhxqAI,0.0
UCNye-wNBqNL5ZzHSJj3l8Bg,q_z0OVw8_ao,0.0
UCNye-wNBqNL5ZzHSJj3l8Bg,ghuUc7y_HTQ,0.0
UCNye-wNBqNL5ZzHSJj3l8Bg,j5wUGkk5Cek,0.0
UCNye-wNBqNL5ZzHSJj3l8Bg,PNTWdO9Q3zM,0.0
UCNye-wNBqNL5ZzHSJj3l8Bg,q1HEQ7OsrSQ,0.0
UCNye-wNBqNL5ZzHSJj3l8Bg,igOZPfNvzVc,0.0
UCNye-wNBqNL5ZzHSJj3l8Bg,ZFth0FSG-CQ,0.0
UCNye-wNBqNL5ZzHSJj3l8Bg,kyFmbKgwbVU,0.0
UCNye-wNBqNL5ZzHSJj3l8Bg,33XQTAfLgvs,0.0
UCNye-wNBqNL5ZzHSJj3l8Bg,SnLCoUmbl2o,0.0
UCNye-wNBqNL5ZzHSJj3l8Bg,kculDNpkCWo,0.0
UCNye-wNBqNL5ZzHSJj3l8Bg,war6uCb32EI,0.0
UCNye-wNBqNL5ZzHSJj3l8Bg,13hmfL6T3_s,0.0
UCNye-wNBqNL5ZzHSJj3l8Bg,4ERZa2DqsA8,0.0
UCNye-wNBqNL5ZzHSJj3l8Bg,NJ0x9d8-aAU,0.0
UCNye-wNBqNL5ZzHSJj3l8Bg,xuwd6d1myTY,0.0
UCNye-wNBqNL5ZzHSJj3l8Bg,wwvYFDAk0YE,0.0
UCNye-wNBqNL5ZzHSJj3l8Bg,I2EEifSWm40,0.0
UCNye-wNBqNL5ZzHSJj3l8Bg,0665Fg_Eab4,0.0
UCNye-wNBqNL5ZzHSJj3l8Bg,zi8KHtgw6Wg,0.0
UCNye-wNBqNL5ZzHSJj3l8Bg,MdCy1Lr9Jqw,0.0
UCNye-wNBqNL5ZzHSJj3l8Bg,ZTFLsFu7g1c,0.0
UCNye-wNBqNL5ZzHSJj3l8Bg,SKamneps6VI,0.0
UCNye-wNBqNL5ZzHSJj3l8Bg,nJhmrfqPGcc,0.0
UCNye-wNBqNL5ZzHSJj3l8Bg,2FHSWtNm9Uw,0.0
UCNye-wNBqNL5ZzHSJj3l8Bg,wiNXFMBrXws,0.0
UCZaT_X_mc0BI-djXOlfhqWQ,h2kHtS6SYoQ,0.0
UCZaT_X_mc0BI-djXOlfhqWQ,9detk36gqCM,0.0
UCZaT_X_mc0BI-djXOlfhqWQ,pUKGt47Wgpc,0.0
UCZaT_X_mc0BI-djXOlfhqWQ,QT3-3YJjF6A,0.0
UCZaT_X_mc0BI-djXOlfhqWQ,FqSaS_2m4r0,0.0
UCeY0bbntWzzVIaj2z3QigXg,4168aJbyKmw,0.0
UCeY0bbntWzzVIaj2z3QigXg,vC76lAT87F0,0.0
UCeY0bbntWzzVIaj2z3QigXg,8Yje9ebBc_E,0.0
UCeY0bbntWzzVIaj2z3QigXg,qn-B5IPEaos,0.0
UCeY0bbntWzzVIaj2z3QigXg,LVL18qSIjoA,0.0
UCeY0bbntWzzVIaj2z3QigXg,EG4s3MmE70k,0.0
UCeY0bbntWzzVIaj2z3QigXg,8nQKvNZMF2c,0.0
UCeY0bbntWzzVIaj2z3QigXg,OsdCWAsPCOI,0.0
UCeY0bbntWzzVIaj2z3QigXg,GhXWDoiJURg,0.0
UCeY0bbntWzzVIaj2z3QigXg,Y41I4AdrQ0I,0.0
UCeY0bbntWzzVIaj2z3QigXg,_Tc9gZuDNgE,0.0
UCeY0bbntWzzVIaj2z3QigXg,6PZnldg2ryM,0.0
UCeY0bbntWzzVIaj2z3QigXg,l4VfCl-kNzY,0.0
UCeY0bbntWzzVIaj2z3QigXg,cCBrjP083Fs,0.0
UCeY0bbntWzzVIaj2z3QigXg,l8D6GRBZv18,0.0
UCeY0bbntWzzVIaj2z3QigXg,Lx5-2c1NELc,0.0
UCeY0bbntWzzVIaj2z3QigXg,ccNBA0Rlx2Y,0.0
UCeY0bbntWzzVIaj2z3QigXg,34RRKctVNws,0.0
UCeY0bbntWzzVIaj2z3QigXg,aCynjNCFPKE,0.0
UCeY0bbntWzzVIaj2z3QigXg,XTu4Hm1GKPM,0.0
UCeY0bbntWzzVIaj2z3QigXg,Bw7jortYgRU,0.0
UCeY0bbntWzzVIaj2z3QigXg,q0tMLKV2Kbc,0.0
UCeY0bbntWzzVIaj2z3QigXg,cAxShqL53LI,0.0
UCeY0bbntWzzVIaj2z3QigXg,gi3h6LFasOI,0.0
UCeY0bbntWzzVIaj2z3QigXg,Yw04_Zh_0Ws,0.0
UCeY0bbntWzzVIaj2z3QigXg,b3uszb9CWyA,0.0
UCeY0bbntWzzVIaj2z3QigXg,CvOB3Zxg0G0,0.0
UCeY0bbntWzzVIaj2z3QigXg,iBES_1ljX5o,0.0
UCeY0bbntWzzVIaj2z3QigXg,mxLGU4E93HI,0.0
UCeY0bbntWzzVIaj2z3QigXg,p6SzbeKhNBE,0.0
UCeY0bbntWzzVIaj2z3QigXg,CAYuV_vglXU,0.0
UCeY0bbntWzzVIaj2z3QigXg,Z7UDZhrTQyI,0.0
UCeY0bbntWzzVIaj2z3QigXg,cdDUfKHerGI,0.0
UCeY0bbntWzzVIaj2z3QigXg,QMY9JtE11gQ,0.0
UCeY0bbntWzzVIaj2z3QigXg,aUUl-raIaAw,0.0
UCeY0bbntWzzVIaj2z3QigXg,OVNRIazUMGw,0.0
UCeY0bbntWzzVIaj2z3QigXg,ReBp4W4Wux8,0.0
UCeY0bbntWzzVIaj2z3QigXg,DpnBEhxnjIg,0.0
UCeY0bbntWzzVIaj2z3QigXg,D_aRVH_yQ5I,0.0
UCeY0bbntWzzVIaj2z3QigXg,ljRzyjTELUk,0.0
UCeY0bbntWzzVIaj2z3QigXg,C1uNYDJRpU8,0.0
UCeY0bbntWzzVIaj2z3QigXg,TQSDX0_h_XU,0.0
UCeY0bbntWzzVIaj2z3QigXg,xeiTHjFdff8,0.0
UCeY0bbntWzzVIaj2z3QigXg,9aNzsbCfr1g,0.0
UCcyq283he07B7_KUX07mmtA,TZV00QNH_90,0.0
UCcyq283he07B7_KUX07mmtA,Z9NQ6VEciFk,0.0
UC1yBKRuGpC1tSM73A0ZjYjQ,TEORpqqKdGk,0.0
UC1yBKRuGpC1tSM73A0ZjYjQ,K4K7DVBzZ54,0.0
UC1yBKRuGpC1tSM73A0ZjYjQ,rcF-11m3SnA,0.0
UC1yBKRuGpC1tSM73A0ZjYjQ,UO7Ft08-EOU,0.0
UC1yBKRuGpC1tSM73A0ZjYjQ,iko42HJT-bA,0.0
UC1yBKRuGpC1tSM73A0ZjYjQ,P0lc7Vr5GAI,0.0
UC1yBKRuGpC1tSM73A0ZjYjQ,kfqMrfvBDcY,0.0
UC1yBKRuGpC1tSM73A0ZjYjQ,ZvfriGma_o0,0.0
UC1yBKRuGpC1tSM73A0ZjYjQ,YKXZ8Q2bH_I,0.0
UC1yBKRuGpC1tSM73A0ZjYjQ,uFM7fkKG4rM,0.0
UC1yBKRuGpC1tSM73A0ZjYjQ,5uURbWdjz08,0.0
UC1yBKRuGpC1tSM73A0ZjYjQ,3-N4L6AaKN4,0.0
UC1yBKRuGpC1tSM73A0ZjYjQ,swcMOxEJMV0,0.0
UC1yBKRuGpC1tSM73A0ZjYjQ,9UEz4hmgWk8,0.0
UC1yBKRuGpC1tSM73A0ZjYjQ,I5yBvOofETU,0.0
UC1yBKRuGpC1tSM73A0ZjYjQ,Au1xWSNrtdc,0.0
UC1yBKRuGpC1tSM73A0ZjYjQ,ocpeEb0bKe4,0.0
UC1yBKRuGpC1tSM73A0ZjYjQ,N4FFrSuyINA,0.0
UC1yBKRuGpC1tSM73A0ZjYjQ,K162PqsdqiY,0.0
UC1yBKRuGpC1tSM73A0ZjYjQ,Fu4QYh62TSA,0.0
UC1yBKRuGpC1tSM73A0ZjYjQ,9RvyOGGlM24,0.0
UC1yBKRuGpC1tSM73A0ZjYjQ,i4OlFg5tLZ0,0.0
UC1yBKRuGpC1tSM73A0ZjYjQ,pHZqW3z9Nhk,0.0
UC1yBKRuGpC1tSM73A0ZjYjQ,A7u5ZBCcOMI,0.0
UC1yBKRuGpC1tSM73A0ZjYjQ,BF7psqeNCik,0.0
UC1yBKRuGpC1tSM73A0ZjYjQ,mMLHjI6EMok,0.0
UC1yBKRuGpC1tSM73A0ZjYjQ,DLXmPZkdKsw,0.0
UC1yBKRuGpC1tSM73A0ZjYjQ,b4GLI-q5kec,0.0
UC1yBKRuGpC1tSM73A0ZjYjQ,BHz3IFJMRH0,0.0
UC1yBKRuGpC1tSM73A0ZjYjQ,h_7TruwvwBw,0.0
UC1yBKRuGpC1tSM73A0ZjYjQ,PEradxKG3QE,0.0
UC69uYUqvx-vw4luuX7aHNLQ,CXI3sS9JKuk,0.0
UC69uYUqvx-vw4luuX7aHNLQ,g9_AqkdiF7c,0.0
UCaXkIU1QidjPwiAYu6GcHjg,bMyhT6NiKlg,0.0
UCaXkIU1QidjPwiAYu6GcHjg,h8OT6QWnXN4,0.0
UCaXkIU1QidjPwiAYu6GcHjg,RpJjpMo3_00,0.0
UCaXkIU1QidjPwiAYu6GcHjg,ljOJLSvhrHs,0.0
UCaXkIU1QidjPwiAYu6GcHjg,o3j28OixAtk,0.0
UCaXkIU1QidjPwiAYu6GcHjg,obCgE_6g21s,0.0
UCaXkIU1QidjPwiAYu6GcHjg,jtTsixvhMBY,0.0
UCaXkIU1QidjPwiAYu6GcHjg,fDgyUlhAebI,0.0
UCaXkIU1QidjPwiAYu6GcHjg,rd1zjwfe8ks,0.0
UCaXkIU1QidjPwiAYu6GcHjg,avEcGsXp0GE,0.0
UCaXkIU1QidjPwiAYu6GcHjg,KGHaAu6_8Lk,0.0
UCaXkIU1QidjPwiAYu6GcHjg,6fqh3KTqTmc,0.0
UCaXkIU1QidjPwiAYu6GcHjg,2lVNf_jzmMQ,0.0
UCaXkIU1QidjPwiAYu6GcHjg,J6VLi4Xtf50,0.0
UCaXkIU1QidjPwiAYu6GcHjg,9kpcjWoO1_4,0.0
UCaXkIU1QidjPwiAYu6GcHjg,ZbbihvyivO0,0.0
UCaXkIU1QidjPwiAYu6GcHjg,ywhqh7kTq3M,0.0
UCaXkIU1QidjPwiAYu6GcHjg,kzsEfPuk9Sg,0.0
UCaXkIU1QidjPwiAYu6GcHjg,zEG5RuUhdEA,0.0
UCaXkIU1QidjPwiAYu6GcHjg,BmelyCgRLmE,0.0
UCaXkIU1QidjPwiAYu6GcHjg,QSmdDAenkLQ,0.0
UCaXkIU1QidjPwiAYu6GcHjg,433lSlqKlOA,0.0
UCaXkIU1QidjPwiAYu6GcHjg,sPBL-eybF-c,0.0
UCaXkIU1QidjPwiAYu6GcHjg,J7QmSsqUG3k,0.0
UCaXkIU1QidjPwiAYu6GcHjg,hQfjvax_kqg,0.0
UCaXkIU1QidjPwiAYu6GcHjg,PuKhW-NOKHs,0.0
UCaXkIU1QidjPwiAYu6GcHjg,kD647iUlmLo,0.0
UCaXkIU1QidjPwiAYu6GcHjg,shHlybxtlKo,0.0
UCaXkIU1QidjPwiAYu6GcHjg,lQZdC9Vktl0,0.0
UCaXkIU1QidjPwiAYu6GcHjg,WNT99sDs2jk,0.0
UCaXkIU1QidjPwiAYu6GcHjg,JYvO_o30p-0,0.0
UCaXkIU1QidjPwiAYu6GcHjg,bl7hdHdXUmw,0.0
UCaXkIU1QidjPwiAYu6GcHjg,uN2VFoxL450,0.0
UCaXkIU1QidjPwiAYu6GcHjg,iCktA0Ctky8,0.0
UCaXkIU1QidjPwiAYu6GcHjg,3ND23DC9UVM,0.0
UCaXkIU1QidjPwiAYu6GcHjg,RvctkAQaLh0,0.0
UCaXkIU1QidjPwiAYu6GcHjg,qIge3qR2rsw,0.0
UCaXkIU1QidjPwiAYu6GcHjg,rkBoXkrKXB8,0.0
UCaXkIU1QidjPwiAYu6GcHjg,7kiX11zXIGw,0.0
UCaXkIU1QidjPwiAYu6GcHjg,o0JUT_26zxc,0.0
UCaXkIU1QidjPwiAYu6GcHjg,qEZH3sfOKug,0.0
UCaXkIU1QidjPwiAYu6GcHjg,ajD84j9hjFI,0.0
UCaXkIU1QidjPwiAYu6GcHjg,m14enN_2Uo0,0.0
UCaXkIU1QidjPwiAYu6GcHjg,fDBcAiPC0h8,0.0
UCaXkIU1QidjPwiAYu6GcHjg,__Hrj7U1ct4,0.0
UCaXkIU1QidjPwiAYu6GcHjg,TettHVVODyw,0.0
UCaXkIU1QidjPwiAYu6GcHjg,HRF0dxs0DQM,0.0
UCaXkIU1QidjPwiAYu6GcHjg,xFBi09z5Wzk,0.0
UCaXkIU1QidjPwiAYu6GcHjg,Wiird8Ek5j4,0.0
UCaXkIU1QidjPwiAYu6GcHjg,7FuTT40a5IA,0.0
UCaXkIU1QidjPwiAYu6GcHjg,xZgp7QVGdSU,0.0
UCaXkIU1QidjPwiAYu6GcHjg,pJi7C3L_u3o,0.0
UCaXkIU1QidjPwiAYu6GcHjg,ckQdUK-r3wQ,0.0
UCaXkIU1QidjPwiAYu6GcHjg,MFaHchGtYfw,0.0
UCpwvZwUam-URkxB7g4USKpg,swfaH0fYy9w,0.0
UCpwvZwUam-URkxB7g4USKpg,qeHkEs9iVf4,0.0
UCpwvZwUam-URkxB7g4USKpg,4zirup3m2Q8,0.0
UCpwvZwUam-URkxB7g4USKpg,BmHf0Q2IK0g,0.0
UCpwvZwUam-URkxB7g4USKpg,xVXSqx9ZabE,0.0
UCpwvZwUam-URkxB7g4USKpg,TUq3B0RjZE8,0.0
UCpwvZwUam-URkxB7g4USKpg,0zsEZpt9QCQ,0.0
UCpwvZwUam-URkxB7g4USKpg,wqH-ckYC2qc,0.0
UCpwvZwUam-URkxB7g4USKpg,0Qybc4LVjX0,0.0
UCpwvZwUam-URkxB7g4USKpg,FaeqL4BFGH0,0.0
UCpwvZwUam-URkxB7g4USKpg,Jun2Zg2o6lA,0.0
UCpwvZwUam-URkxB7g4USKpg,eAQwVUJw1ho,0.0
UCpwvZwUam-URkxB7g4USKpg,iemEuCTltPo,0.0
UCpwvZwUam-URkxB7g4USKpg,T9TG4wwRtfs,0.0
UCpwvZwUam-URkxB7g4USKpg,4q8rqw8Hdmg,0.0
UCpwvZwUam-URkxB7g4USKpg,ImsuKl8FbUw,0.0
UCpwvZwUam-URkxB7g4USKpg,WWVRxT0hGKY,0.0
UCpwvZwUam-URkxB7g4USKpg,_IEAdoKgaQ4,0.0
UCpwvZwUam-URkxB7g4USKpg,L26EkfteAj8,0.0
UCpwvZwUam-URkxB7g4USKpg,l9DmAZQoH-s,0.0
UCpwvZwUam-URkxB7g4USKpg,RwsuP1yl5NQ,0.0
UCpwvZwUam-URkxB7g4USKpg,jKkAfkaMVQw,0.0
UCpwvZwUam-URkxB7g4USKpg,tUUa53HIAUU,0.0
UCpwvZwUam-URkxB7g4USKpg,9Njzkmv61cw,0.0
UCpwvZwUam-URkxB7g4USKpg,XXkxsUMwy7c,0.0
UCpwvZwUam-URkxB7g4USKpg,X5j7dLEbCow,0.0
UCpwvZwUam-URkxB7g4USKpg,vqaKFXyJ5P8,0.0
UCpwvZwUam-URkxB7g4USKpg,f3AwI7EF8Fc,0.0
UCpwvZwUam-URkxB7g4USKpg,DO3JsGX353I,0.0
UCpwvZwUam-URkxB7g4USKpg,CFPU3hoiiME,0.0
UCpwvZwUam-URkxB7g4USKpg,0NAAm-cQQdE,0.0
UCpwvZwUam-URkxB7g4USKpg,qj8RsAj8zKQ,0.0
UCpwvZwUam-URkxB7g4USKpg,sr_zBBVsEUY,0.0
UCpwvZwUam-URkxB7g4USKpg,lXSD5Nmlgbk,0.0
UCpwvZwUam-URkxB7g4USKpg,FPZekLZLh_w,0.0
UCpwvZwUam-URkxB7g4USKpg,lEtU83_dZbs,0.0
UCpwvZwUam-URkxB7g4USKpg,7wbGWwqObqA,0.0
UCpwvZwUam-URkxB7g4USKpg,g23HIuLuxZ8,0.0
UCpwvZwUam-URkxB7g4USKpg,cZhXTHVJDBQ,0.0
UCpwvZwUam-URkxB7g4USKpg,lXZ47RWwpKQ,0.0
UCpwvZwUam-URkxB7g4USKpg,Xm8cBNHkMrI,0.0
UCpwvZwUam-URkxB7g4USKpg,F64115FNsIY,0.0
UCpwvZwUam-URkxB7g4USKpg,v7PWP9jfWzk,0.0
UCpwvZwUam-URkxB7g4USKpg,5Ng827eXrc0,0.0
UC8p1vwvWtl6T73JiExfWs1g,KnJ8kz2N6S4,0.0
UC8p1vwvWtl6T73JiExfWs1g,Gb2NOSizF7s,0.0
UC8p1vwvWtl6T73JiExfWs1g,WfzoGmoVJXc,0.0
UC8p1vwvWtl6T73JiExfWs1g,JKMt4a7AZVw,0.0
UC8p1vwvWtl6T73JiExfWs1g,83GKyOKsqvE,0.0
UC8p1vwvWtl6T73JiExfWs1g,eC92E4FkAcs,0.0
UC8p1vwvWtl6T73JiExfWs1g,LwWoxcm24qw,0.0
UC8p1vwvWtl6T73JiExfWs1g,2AfMGTNMguQ,0.0
UC8p1vwvWtl6T73JiExfWs1g,6eQIrOPMZCs,0.0
UC8p1vwvWtl6T73JiExfWs1g,J9Pk5H2n094,0.0
UC8p1vwvWtl6T73JiExfWs1g,qYMF7tAD3wY,0.0
UC8p1vwvWtl6T73JiExfWs1g,sDZ-w1jfcmI,0.0
UC8p1vwvWtl6T73JiExfWs1g,FPG22hOAv3g,0.0
UC8p1vwvWtl6T73JiExfWs1g,V7vdW_wlM4A,0.0
UC8p1vwvWtl6T73JiExfWs1g,DgqijrSEOcc,0.0
UC8p1vwvWtl6T73JiExfWs1g,L3iwN4CoHiM,0.0
UC8p1vwvWtl6T73JiExfWs1g,Smc-bEQz--Q,0.0
UC8p1vwvWtl6T73JiExfWs1g,UALBoEy2KRw,0.0
UC8p1vwvWtl6T73JiExfWs1g,kgyb_LA67WU,0.0
UC8p1vwvWtl6T73JiExfWs1g,KME-tOWyt6I,0.0
UC8p1vwvWtl6T73JiExfWs1g,Ywha5gqfm8g,0.0
UC8p1vwvWtl6T73JiExfWs1g,W6bY69MbU94,0.0
UC8p1vwvWtl6T73JiExfWs1g,8n9L0wp22p0,0.0
UC8p1vwvWtl6T73JiExfWs1g,Xwz82Wy2S2I,0.0
UC8p1vwvWtl6T73JiExfWs1g,TYK70Y59Zvs,0.0
UC8p1vwvWtl6T73JiExfWs1g,GtVftRRyjQI,0.0
UC8p1vwvWtl6T73JiExfWs1g,N_l-J_LePZ8,0.0
UC8p1vwvWtl6T73JiExfWs1g,38SaXNKG04w,0.0
UC8p1vwvWtl6T73JiExfWs1g,LHvnBDcMnRY,0.0
UC8p1vwvWtl6T73JiExfWs1g,J6kOfM2maNw,0.0
UC8p1vwvWtl6T73JiExfWs1g,4TNSuiwFrYY,0.0
UC8p1vwvWtl6T73JiExfWs1g,Rp3KkqPPdsc,0.0
UC8p1vwvWtl6T73JiExfWs1g,h1-92U0NdEc,0.0
UC8p1vwvWtl6T73JiExfWs1g,yAq7wkzgOrI,0.0
UC8p1vwvWtl6T73JiExfWs1g,zSKjSxMjU74,0.0
UC8p1vwvWtl6T73JiExfWs1g,mF4zkdtrGZU,0.0
UC8p1vwvWtl6T73JiExfWs1g,J3PCYOhTjmI,0.0
UC8p1vwvWtl6T73JiExfWs1g,7DZLLVJsQa4,0.0
UC8p1vwvWtl6T73JiExfWs1g,Koeg8dc0bCE,0.0
UC8p1vwvWtl6T73JiExfWs1g,ZPkqz_AXVIY,0.0
UC8p1vwvWtl6T73JiExfWs1g,vNoiw240REc,0.0
UC8p1vwvWtl6T73JiExfWs1g,QmGbgu_Qq9U,0.0
UC8p1vwvWtl6T73JiExfWs1g,Xprrn5Tle6U,0.0
UC8p1vwvWtl6T73JiExfWs1g,gN8MegcTfSg,0.0
UC8p1vwvWtl6T73JiExfWs1g,WEqQoO3watw,0.0
UC8p1vwvWtl6T73JiExfWs1g,9zC4LhXTgbw,0.0
UC8p1vwvWtl6T73JiExfWs1g,2XdgpAnAgNI,0.0
UC8p1vwvWtl6T73JiExfWs1g,iRifqlc-Lb8,0.0
UC8p1vwvWtl6T73JiExfWs1g,_os44QrlYcQ,0.0
UC8p1vwvWtl6T73JiExfWs1g,UmIOkZwWbQA,0.0
UC8p1vwvWtl6T73JiExfWs1g,RFKH2GTQNGc,0.0
UC8p1vwvWtl6T73JiExfWs1g,w3nhai14LIQ,0.0
UC8p1vwvWtl6T73JiExfWs1g,EcHygY22sUc,0.0
UC8p1vwvWtl6T73JiExfWs1g,nRgjrje0n5U,0.0
UC8p1vwvWtl6T73JiExfWs1g,8xTxWHAJAHY,0.0
UC52X5wxOL_s5yw0dQk7NtgA,5W6rYLaxtaE,0.0
UC52X5wxOL_s5yw0dQk7NtgA,1sZ87rz0Vi8,0.0
UC52X5wxOL_s5yw0dQk7NtgA,p7OIJ2pQmiA,0.0
UC52X5wxOL_s5yw0dQk7NtgA,SQ1r_Y_nzvo,0.0
UC52X5wxOL_s5yw0dQk7NtgA,-IabsM0KTac,0.0
UC52X5wxOL_s5yw0dQk7NtgA,P-T5Ey183-M,0.0
UC52X5wxOL_s5yw0dQk7NtgA,Nmc3xd8xbWE,0.0
UC52X5wxOL_s5yw0dQk7NtgA,mwIEBf7v9BA,0.0
UC52X5wxOL_s5yw0dQk7NtgA,8Nx2cozzJBQ,0.0
UC52X5wxOL_s5yw0dQk7NtgA,9Ok5KL-aP2k,0.0
UC52X5wxOL_s5yw0dQk7NtgA,77dSOLdJSP4,0.0
UC52X5wxOL_s5yw0dQk7NtgA,hSONFlpkHqs,0.0
UC52X5wxOL_s5yw0dQk7NtgA,aF07xx5Dg8w,0.0
UC52X5wxOL_s5yw0dQk7NtgA,mThilqq6Aa0,0.0
UC52X5wxOL_s5yw0dQk7NtgA,TmH_DL_wO5c,0.0
UC52X5wxOL_s5yw0dQk7NtgA,TSdPzbwKBHE,0.0
UC52X5wxOL_s5yw0dQk7NtgA,PsfEU9wrl9w,0.0
UC52X5wxOL_s5yw0dQk7NtgA,HexxBWnxx0U,0.0
UC52X5wxOL_s5yw0dQk7NtgA,53e3IaI0Ax0,0.0
UC52X5wxOL_s5yw0dQk7NtgA,iH4K6kWA3ws,0.0
UC52X5wxOL_s5yw0dQk7NtgA,azGUy3vuIt0,0.0
UC52X5wxOL_s5yw0dQk7NtgA,w24BRkjfjtg,0.0
UC52X5wxOL_s5yw0dQk7NtgA,qIkNfZw2UEw,0.0
UC52X5wxOL_s5yw0dQk7NtgA,z30UVcceHLA,0.0
UC52X5wxOL_s5yw0dQk7NtgA,H0o1T_UcvGs,0.0
UC52X5wxOL_s5yw0dQk7NtgA,qZnSFy2PqUc,0.0
UC52X5wxOL_s5yw0dQk7NtgA,TZklMnxAVik,0.0
UC52X5wxOL_s5yw0dQk7NtgA,iqivM21cMLs,0.0
UC52X5wxOL_s5yw0dQk7NtgA,RVVU_s_NhlY,0.0
UC52X5wxOL_s5yw0dQk7NtgA,uC6JzYf71mU,0.0
UC52X5wxOL_s5yw0dQk7NtgA,L4I6A5pez_U,0.0
UC52X5wxOL_s5yw0dQk7NtgA,fTqWPjoqnlk,0.0
UC52X5wxOL_s5yw0dQk7NtgA,at-j7haq6u4,0.0
UC52X5wxOL_s5yw0dQk7NtgA,jTd6Um0fBOU,0.0
UC52X5wxOL_s5yw0dQk7NtgA,uUqD6-ZgF5Q,0.0
UC52X5wxOL_s5yw0dQk7NtgA,Nq5007kgzuA,0.0
UC52X5wxOL_s5yw0dQk7NtgA,bX-p_XcqiGY,0.0
UC52X5wxOL_s5yw0dQk7NtgA,jdlfYT_CSj8,0.0
UC52X5wxOL_s5yw0dQk7NtgA,dQQPAbD6HZk,0.0
UC52X5wxOL_s5yw0dQk7NtgA,db1kgWoV68c,0.0
UC52X5wxOL_s5yw0dQk7NtgA,rBeQzJ9r2Aw,0.0
UC52X5wxOL_s5yw0dQk7NtgA,w3pEoScbc6k,0.0
UC52X5wxOL_s5yw0dQk7NtgA,oYcupw1Umvk,0.0
UC52X5wxOL_s5yw0dQk7NtgA,2lavS4P-dfg,0.0
UC52X5wxOL_s5yw0dQk7NtgA,RRFGqCJDfmA,0.0
UC52X5wxOL_s5yw0dQk7NtgA,-pgJKu0zt8g,0.0
UC52X5wxOL_s5yw0dQk7NtgA,tKNLDJOELcY,0.0
UC52X5wxOL_s5yw0dQk7NtgA,K-4xy7FRXtE,0.0
UC52X5wxOL_s5yw0dQk7NtgA,46QinlyOEEs,0.0
UC52X5wxOL_s5yw0dQk7NtgA,kogtSdLl6Ok,0.0
UChDKyKQ59fYz3JO2fl0Z6sg,-a5dyLzigb4,0.0
UChDKyKQ59fYz3JO2fl0Z6sg,OwME93C4PdI,0.0
UChDKyKQ59fYz3JO2fl0Z6sg,-Sv04CYwon0,0.0
UChDKyKQ59fYz3JO2fl0Z6sg,0nZ8O1oRN2w,0.0
UChDKyKQ59fYz3JO2fl0Z6sg,WM8ZEZrSD4s,0.0
UChDKyKQ59fYz3JO2fl0Z6sg,erSy5GAaE8Y,0.0
UChDKyKQ59fYz3JO2fl0Z6sg,Nb1kYMP-r1Q,0.0
UChDKyKQ59fYz3JO2fl0Z6sg,sMbrU9EWa_g,0.0
UChDKyKQ59fYz3JO2fl0Z6sg,iavRDQ_P20g,0.0
UChDKyKQ59fYz3JO2fl0Z6sg,B7aA94LSYZo,0.0
UChDKyKQ59fYz3JO2fl0Z6sg,snNQTivLVe4,0.0
UChDKyKQ59fYz3JO2fl0Z6sg,vdpoLjx4Ilc,0.0
UChDKyKQ59fYz3JO2fl0Z6sg,7BZ3K0tGuiU,0.0
UChDKyKQ59fYz3JO2fl0Z6sg,XaBkp-aCj-c,0.0
UChDKyKQ59fYz3JO2fl0Z6sg,4cr6XJ9ZuqA,0.0
UChDKyKQ59fYz3JO2fl0Z6sg,q9lSfSP8osk,0.0
UChDKyKQ59fYz3JO2fl0Z6sg,YtMLHLjwrlo,0.0
UChDKyKQ59fYz3JO2fl0Z6sg,hDm6iIWe-k4,0.0
UChDKyKQ59fYz3JO2fl0Z6sg,kWqm-45gygk,0.0
UChDKyKQ59fYz3JO2fl0Z6sg,tyTXKLz7DGA,0.0
UChDKyKQ59fYz3JO2fl0Z6sg,cLUjAjMDkFo,0.0
UChDKyKQ59fYz3JO2fl0Z6sg,xk8ToPvJVoI,0.0
UChDKyKQ59fYz3JO2fl0Z6sg,WcKk0TTTSDw,0.0
UChDKyKQ59fYz3JO2fl0Z6sg,viDXcXJG7vg,0.0
UChDKyKQ59fYz3JO2fl0Z6sg,MXXO7qivhCk,0.0
UChDKyKQ59fYz3JO2fl0Z6sg,42SAl90vl90,0.0
UChDKyKQ59fYz3JO2fl0Z6sg,IMBM4a9tb4s,0.0
UChDKyKQ59fYz3JO2fl0Z6sg,92HtPb8COAw,0.0
UChDKyKQ59fYz3JO2fl0Z6sg,ZTBE-ThdwRk,0.0
UChDKyKQ59fYz3JO2fl0Z6sg,gBcQxPsrZXM,0.0
UChDKyKQ59fYz3JO2fl0Z6sg,7z0LoYF9ItU,0.0
UChDKyKQ59fYz3JO2fl0Z6sg,Nc2KHjGz0Co,0.0
UChDKyKQ59fYz3JO2fl0Z6sg,FvLnoNyE_8Q,0.0
UChDKyKQ59fYz3JO2fl0Z6sg,-6GKYuw6r6g,0.0
UChDKyKQ59fYz3JO2fl0Z6sg,979SQWhVTzo,0.0
UChDKyKQ59fYz3JO2fl0Z6sg,Ut-FTxX8MIs,0.0
UChDKyKQ59fYz3JO2fl0Z6sg,wjuhRM_UUbQ,0.0
UChDKyKQ59fYz3JO2fl0Z6sg,7d8VYFJAVxQ,0.0
UChDKyKQ59fYz3JO2fl0Z6sg,Ju3KSWYolOg,0.0
UChDKyKQ59fYz3JO2fl0Z6sg,Q-_5ecJoW60,0.0
UChDKyKQ59fYz3JO2fl0Z6sg,8VinlAYE0eg,0.0
UChDKyKQ59fYz3JO2fl0Z6sg,03IRD7MWPAo,0.0
UChDKyKQ59fYz3JO2fl0Z6sg,eUMFhvvRtZc,0.0
UChDKyKQ59fYz3JO2fl0Z6sg,YLUaCdFAGLc,0.0
UChDKyKQ59fYz3JO2fl0Z6sg,810HUzygE0E,0.0
UChDKyKQ59fYz3JO2fl0Z6sg,RPwbcrncxcs,0.0
UChDKyKQ59fYz3JO2fl0Z6sg,1X8-Q9l59N0,0.0
UChDKyKQ59fYz3JO2fl0Z6sg,cnt_keWS_2M,0.0
UChDKyKQ59fYz3JO2fl0Z6sg,jA8R1GdYNMs,0.0
UChDKyKQ59fYz3JO2fl0Z6sg,ACuNSJCIOnI,0.0
UChDKyKQ59fYz3JO2fl0Z6sg,xXPSctSbCrs,0.0
UCHTK-2W11Vh1V4uwofOfR4w,zgPAD_lGFWA,0.0
UCHTK-2W11Vh1V4uwofOfR4w,7KcFqVOoVcA,0.0
UCHTK-2W11Vh1V4uwofOfR4w,8NA85HWyeBc,0.0
UCHTK-2W11Vh1V4uwofOfR4w,G1kcJ9FqDhg,0.0
UCHTK-2W11Vh1V4uwofOfR4w,NP8JhahiFJM,0.0
UCHTK-2W11Vh1V4uwofOfR4w,PonXJw3ALsI,0.0
UCHTK-2W11Vh1V4uwofOfR4w,eWIY6bGixZE,0.0
UCHTK-2W11Vh1V4uwofOfR4w,hvBkt40XPhw,0.0
UCHTK-2W11Vh1V4uwofOfR4w,KxRmFsBgnoo,0.0
UCHTK-2W11Vh1V4uwofOfR4w,6ay_o0pQ2NA,0.0
UCHTK-2W11Vh1V4uwofOfR4w,v2_hhy9lwLE,0.0
UCHTK-2W11Vh1V4uwofOfR4w,vI0z9fYXfHg,0.0
UCHTK-2W11Vh1V4uwofOfR4w,WyXBoDs5deQ,0.0
UCHTK-2W11Vh1V4uwofOfR4w,ewx_qy7O68E,0.0
UCHTK-2W11Vh1V4uwofOfR4w,ilRArJc-6eo,0.0
UCHTK-2W11Vh1V4uwofOfR4w,DZyGvWSaLCg,0.0
UCHTK-2W11Vh1V4uwofOfR4w,mFscOuAnzgg,0.0
UCHTK-2W11Vh1V4uwofOfR4w,dCmhkgPy0lA,0.0
UCHTK-2W11Vh1V4uwofOfR4w,2rdeD-9BF9M,0.0
UCHTK-2W11Vh1V4uwofOfR4w,w59DwtY6w-w,0.0
UCHTK-2W11Vh1V4uwofOfR4w,_phdid3m8Hc,0.0
UCHTK-2W11Vh1V4uwofOfR4w,WwiOFYGLV2g,0.0
UCHTK-2W11Vh1V4uwofOfR4w,XsnUdwStp1g,0.0
UCHTK-2W11Vh1V4uwofOfR4w,iMCJ4UcxgNw,0.0
UCHTK-2W11Vh1V4uwofOfR4w,13TmcAR5jos,0.0
UCHTK-2W11Vh1V4uwofOfR4w,vB0PubKXNcw,0.0
UCHTK-2W11Vh1V4uwofOfR4w,Gew40t1tWgQ,0.0
UCHTK-2W11Vh1V4uwofOfR4w,r6drfv8FbMU,0.0
UCHTK-2W11Vh1V4uwofOfR4w,YEvyvI4hDvM,0.0
UCHTK-2W11Vh1V4uwofOfR4w,58f15ZZx_gY,0.0
UCHTK-2W11Vh1V4uwofOfR4w,Ot4zdjZ1klY,0.0
UCHTK-2W11Vh1V4uwofOfR4w,3eV3esbc3W0,0.0
UCHTK-2W11Vh1V4uwofOfR4w,R6bJRM3cOwM,0.0
UCHTK-2W11Vh1V4uwofOfR4w,YN-oUBXZ0lM,0.0
UCHTK-2W11Vh1V4uwofOfR4w,qV_n1iRf5DY,0.0
UCHTK-2W11Vh1V4uwofOfR4w,MrAIdRND8Gw,0.0
UCHTK-2W11Vh1V4uwofOfR4w,4LZxmTUE1yE,0.0
UCHTK-2W11Vh1V4uwofOfR4w,wpu43o7dkg8,0.0
UCHTK-2W11Vh1V4uwofOfR4w,Ewjm0hTh8FQ,0.0
UCHTK-2W11Vh1V4uwofOfR4w,UAmUeXe-ehU,0.0
UCHTK-2W11Vh1V4uwofOfR4w,GHravVGH_r8,0.0
UCHTK-2W11Vh1V4uwofOfR4w,HBByrJ0kRJw,0.0
UCHTK-2W11Vh1V4uwofOfR4w,xtHExWjAWys,0.0
UCHTK-2W11Vh1V4uwofOfR4w,mjjo8dhZRfw,0.0
UCHTK-2W11Vh1V4uwofOfR4w,qsBH2qmCmmg,0.0
UCHTK-2W11Vh1V4uwofOfR4w,Zy2iGWuc3Q0,0.0
UCHTK-2W11Vh1V4uwofOfR4w,dfOxjKX2ouM,0.0
UCHTK-2W11Vh1V4uwofOfR4w,pRym-kxgtwY,0.0
UCHTK-2W11Vh1V4uwofOfR4w,freW4CUuXcU,0.0
UCHTK-2W11Vh1V4uwofOfR4w,fmphJyUc8bE,0.0
UCHTK-2W11Vh1V4uwofOfR4w,tSAIVyiciRs,0.0
UCHTK-2W11Vh1V4uwofOfR4w,3lUPwRcgL3s,0.0
UCHTK-2W11Vh1V4uwofOfR4w,4NDn7Y-BzMs,0.0
UCHTK-2W11Vh1V4uwofOfR4w,sHtmlPBQReQ,0.0
UCHTK-2W11Vh1V4uwofOfR4w,I7a-z-cbvI4,0.0
UCHTK-2W11Vh1V4uwofOfR4w,Ldm2EMUwrpc,0.0
UCHTK-2W11Vh1V4uwofOfR4w,PIIT7FJrAyo,0.0
UCHTK-2W11Vh1V4uwofOfR4w,sKzgl4KTbhk,0.0
UCHTK-2W11Vh1V4uwofOfR4w,qxkpon3StMg,0.0
UCHTK-2W11Vh1V4uwofOfR4w,VP97FAcPlC4,0.0
UCHTK-2W11Vh1V4uwofOfR4w,jzyCqHYIkvE,0.0
UCHTK-2W11Vh1V4uwofOfR4w,mpBHUSBAklA,0.0
UCHTK-2W11Vh1V4uwofOfR4w,PqR7buq3Sso,0.0
UCHTK-2W11Vh1V4uwofOfR4w,WTZ3QD-rYD8,0.0
UCHTK-2W11Vh1V4uwofOfR4w,gQVSf74VaHE,0.0
UCHTK-2W11Vh1V4uwofOfR4w,o6SBpZoe-nk,0.0
UCHTK-2W11Vh1V4uwofOfR4w,rDXnOxY8hFM,0.0
UCHTK-2W11Vh1V4uwofOfR4w,N2A4eI3xXWQ,0.0
UCHTK-2W11Vh1V4uwofOfR4w,c_tdrlNYbGQ,0.0
UClFSU9_bUb4Rc6OYfTt5SPw,yzSpLJGGtvk,0.0
UCnQC_G5Xsjhp9fEJKuIcrSw,_FF7nlWQuRU,0.0
UCnQC_G5Xsjhp9fEJKuIcrSw,1hg5KROEYiY,0.0
UCnQC_G5Xsjhp9fEJKuIcrSw,bDBF_R2mmik,0.0
UCnQC_G5Xsjhp9fEJKuIcrSw,EKteyUDpHdo,0.0
UCnQC_G5Xsjhp9fEJKuIcrSw,NRqyazjsbsY,0.0
UCnQC_G5Xsjhp9fEJKuIcrSw,SIqogSS8MA4,0.0
UCnQC_G5Xsjhp9fEJKuIcrSw,obbGU-X2axI,0.0
UCnQC_G5Xsjhp9fEJKuIcrSw,TGvqB4Y4SmA,0.0
UCnQC_G5Xsjhp9fEJKuIcrSw,MdPYY9r2v_A,0.0
UCqnbDFdCpuN8CMEg0VuEBqA,hNDgcjVGHIw,0.0
UCK7tptUDHh-RYDsdxO1-5QQ,1fqEKnuqmf4,0.0
UCK7tptUDHh-RYDsdxO1-5QQ,VU1ThfGgRig,0.0
UCK7tptUDHh-RYDsdxO1-5QQ,s6dfbmBAOKE,0.0
UCUMZ7gohGI9HcU9VNsr2FJQ,JHfL6_f-Se8,0.0
UCUMZ7gohGI9HcU9VNsr2FJQ,aKNPP8nwD_E,0.0
UChLtXXpo4Ge1ReTEboVvTDg,3ZwTfixYiIM,0.0
UChLtXXpo4Ge1ReTEboVvTDg,dRmm5jw5lX4,0.0
UChLtXXpo4Ge1ReTEboVvTDg,LS9z3kKmVFw,0.0
UChLtXXpo4Ge1ReTEboVvTDg,WlQM5GB5Vpk,0.0
UChLtXXpo4Ge1ReTEboVvTDg,PPN6mEjZmow,0.0
UChLtXXpo4Ge1ReTEboVvTDg,xZ1rmmh3UXs,0.0
UChLtXXpo4Ge1ReTEboVvTDg,NMr1jrWvXK0,0.0
UChLtXXpo4Ge1ReTEboVvTDg,shyJ97dqfIY,0.0
UChLtXXpo4Ge1ReTEboVvTDg,0cVyYMOGxVI,0.0
UChLtXXpo4Ge1ReTEboVvTDg,QkWr3JXPyK0,0.0
UChLtXXpo4Ge1ReTEboVvTDg,1499MoT6rNs,0.0
UChLtXXpo4Ge1ReTEboVvTDg,zyBHEeXk3xE,0.0
UChLtXXpo4Ge1ReTEboVvTDg,Zsa7DUnqsUI,0.0
UChLtXXpo4Ge1ReTEboVvTDg,D_4_Vc3Btzs,0.0
UChLtXXpo4Ge1ReTEboVvTDg,ifaiuI3H7U0,0.0
UChLtXXpo4Ge1ReTEboVvTDg,PAaoOvrwlxo,0.0
UChLtXXpo4Ge1ReTEboVvTDg,ObnzoT2aSZ4,0.0
UChLtXXpo4Ge1ReTEboVvTDg,W_2Hz3aw45s,0.0
UChLtXXpo4Ge1ReTEboVvTDg,6EnRcDPpqUs,0.0
UChLtXXpo4Ge1ReTEboVvTDg,padPPUbfJ5c,0.0
UChLtXXpo4Ge1ReTEboVvTDg,fTlcL3I7Vts,0.0
UChLtXXpo4Ge1ReTEboVvTDg,V8RAibBDqjk,0.0
UChLtXXpo4Ge1ReTEboVvTDg,sazyferuprQ,0.0
UChLtXXpo4Ge1ReTEboVvTDg,jXAS-9ZNxvo,0.0
UChLtXXpo4Ge1ReTEboVvTDg,YvCU-rlIvNE,0.0
UChLtXXpo4Ge1ReTEboVvTDg,IbaWi7P0rxM,0.0
UChLtXXpo4Ge1ReTEboVvTDg,UIePRld0_Q4,0.0
UChLtXXpo4Ge1ReTEboVvTDg,grm82qiV_w0,0.0
UChLtXXpo4Ge1ReTEboVvTDg,2VUEZQWtZUM,0.0
UChLtXXpo4Ge1ReTEboVvTDg,_efYxdlYgOw,0.0
UChLtXXpo4Ge1ReTEboVvTDg,e44OO1DqImk,0.0
UChLtXXpo4Ge1ReTEboVvTDg,a0f83YA844o,0.0
UChLtXXpo4Ge1ReTEboVvTDg,BPakhZGM05E,0.0
UChLtXXpo4Ge1ReTEboVvTDg,hK-ReVOkxQk,0.0
UChLtXXpo4Ge1ReTEboVvTDg,9h_i4jp7dXc,0.0
UChLtXXpo4Ge1ReTEboVvTDg,teI6ZVXfVPQ,0.0
UChLtXXpo4Ge1ReTEboVvTDg,aKnyKFIyZ4M,0.0
UChLtXXpo4Ge1ReTEboVvTDg,cddUOwm22yM,0.0
UChLtXXpo4Ge1ReTEboVvTDg,X0cexOQalMo,0.0
UChLtXXpo4Ge1ReTEboVvTDg,PxS92fMcokQ,0.0
UChLtXXpo4Ge1ReTEboVvTDg,ub9VKR-Nev4,0.0
UChLtXXpo4Ge1ReTEboVvTDg,u5sPOj09Sd8,0.0
UChLtXXpo4Ge1ReTEboVvTDg,aaJrrlYdwds,0.0
UChLtXXpo4Ge1ReTEboVvTDg,dTDvkfuWav0,0.0
UChLtXXpo4Ge1ReTEboVvTDg,RWqpQbrXysQ,0.0
UChLtXXpo4Ge1ReTEboVvTDg,oq8Y0FWzF4w,0.0
UChLtXXpo4Ge1ReTEboVvTDg,0LmoCfKiDRI,0.0
UChLtXXpo4Ge1ReTEboVvTDg,Itw0QPbqMXI,0.0
UChLtXXpo4Ge1ReTEboVvTDg,XTqOJLm-9jk,0.0
UChLtXXpo4Ge1ReTEboVvTDg,gHKtOwO-mQA,0.0
UChLtXXpo4Ge1ReTEboVvTDg,4vw406iyqkc,0.0
UChLtXXpo4Ge1ReTEboVvTDg,ttnFVI1fsDE,0.0
UChLtXXpo4Ge1ReTEboVvTDg,ZJf4ZCNqR4o,0.0
UChLtXXpo4Ge1ReTEboVvTDg,6G4oPsaWC0U,0.0
UChLtXXpo4Ge1ReTEboVvTDg,3M3HtDxYQRY,0.0
UChLtXXpo4Ge1ReTEboVvTDg,SIWCBAJPGNo,0.0
UChLtXXpo4Ge1ReTEboVvTDg,F38VvfRHOi0,0.0
UCuFFtHWoLl5fauMMD5Ww2jA,wtBlkxVYUkY,0.0
UCuFFtHWoLl5fauMMD5Ww2jA,0CuLBjQZkgY,0.0
UCuFFtHWoLl5fauMMD5Ww2jA,oikO5c9SbGM,0.0
UCuFFtHWoLl5fauMMD5Ww2jA,oKD0YkxdfYA,0.0
UCuFFtHWoLl5fauMMD5Ww2jA,ZBcnWreL-ro,0.0
UCuFFtHWoLl5fauMMD5Ww2jA,cBa5-gUm4a4,0.0
UCuFFtHWoLl5fauMMD5Ww2jA,RsA0Iv6CSiU,0.0
UCuFFtHWoLl5fauMMD5Ww2jA,X1o0RwoxxCM,0.0
UCuFFtHWoLl5fauMMD5Ww2jA,YC3GOpKbypw,0.0
UCuFFtHWoLl5fauMMD5Ww2jA,BJPZNUlJ0zY,0.0
UCuFFtHWoLl5fauMMD5Ww2jA,vVE6_KokwvQ,0.0
UCuFFtHWoLl5fauMMD5Ww2jA,4SSzzCxnRL8,0.0
UCuFFtHWoLl5fauMMD5Ww2jA,dwF3o4aW6R0,0.0
UCuFFtHWoLl5fauMMD5Ww2jA,VLJzSOW1JFM,0.0
UCuFFtHWoLl5fauMMD5Ww2jA,uxz7kyy23a0,0.0
UCuFFtHWoLl5fauMMD5Ww2jA,Gu7HNqxLDr4,0.0
UCuFFtHWoLl5fauMMD5Ww2jA,uYhALiuNB04,0.0
UCuFFtHWoLl5fauMMD5Ww2jA,f5j6dV-zg6o,0.0
UCuFFtHWoLl5fauMMD5Ww2jA,KeVft5KJ74w,0.0
UCuFFtHWoLl5fauMMD5Ww2jA,BXkpmYpX5iE,0.0
UCuFFtHWoLl5fauMMD5Ww2jA,2r1y5g6BlLc,0.0
UCuFFtHWoLl5fauMMD5Ww2jA,gIbiEzje_mo,0.0
UCuFFtHWoLl5fauMMD5Ww2jA,5veb9WfqO7E,0.0
UCuFFtHWoLl5fauMMD5Ww2jA,KnhkCOuMfGI,0.0
UCuFFtHWoLl5fauMMD5Ww2jA,x-H7p2JU7ck,0.0
UCuFFtHWoLl5fauMMD5Ww2jA,K6YmtZ5Ovxw,0.0
UCuFFtHWoLl5fauMMD5Ww2jA,BqQrmTdIXwo,0.0
UCuFFtHWoLl5fauMMD5Ww2jA,Cn7-eS2yoJQ,0.0
UCuFFtHWoLl5fauMMD5Ww2jA,bVTkVVK7stc,0.0
UCuFFtHWoLl5fauMMD5Ww2jA,heIGpJU3WyI,0.0
UCuFFtHWoLl5fauMMD5Ww2jA,msnEJB3OIgQ,0.0
UCt-WqkTyKK1_70U4bb4k4lQ,9nFmG1MDQeo,0.0
UCt-WqkTyKK1_70U4bb4k4lQ,qqOL9M9xVPU,0.0
UCt-WqkTyKK1_70U4bb4k4lQ,n1NNC_p4pQ8,0.0
UCt-WqkTyKK1_70U4bb4k4lQ,8Whitkkw5JA,0.0
UCt-WqkTyKK1_70U4bb4k4lQ,GUQa2CW5shw,0.0
UCaeO5vkdj5xOQHp4UmIN6dw,XtElvvch0Ns,0.0
UCvJJ_dzjViJCoLf5uKUTwoA,PtSSoZW19vs,0.0
UCvJJ_dzjViJCoLf5uKUTwoA,YQvILwnQef0,0.0
UCvJJ_dzjViJCoLf5uKUTwoA,BiQizeJ7wI0,0.0
UC5O114-PQNYkurlTg6hekZw,febQEOF4IUI,0.0
UC5O114-PQNYkurlTg6hekZw,I9yD_7tR3AM,0.0
UC5O114-PQNYkurlTg6hekZw,f0EpnIAbUGE,0.0
UC5O114-PQNYkurlTg6hekZw,AP5gfUe8H1Q,0.0
UC5O114-PQNYkurlTg6hekZw,z5y6cx-U1BY,0.0
UC5O114-PQNYkurlTg6hekZw,Azf0-kqTv2A,0.0
UC5O114-PQNYkurlTg6hekZw,xmYxUBB6Qew,0.0
UC5O114-PQNYkurlTg6hekZw,1UUdyeNjSFc,0.0
UC5O114-PQNYkurlTg6hekZw,-GT7qqVlLA8,0.0
UC5O114-PQNYkurlTg6hekZw,mhk1s8IjBCs,0.0
UC5O114-PQNYkurlTg6hekZw,tTe0exs3HhY,0.0
UC5O114-PQNYkurlTg6hekZw,i0KS-8jYZfw,0.0
UC5O114-PQNYkurlTg6hekZw,OBI5xX79uNk,0.0
UC5O114-PQNYkurlTg6hekZw,Lhao3HJPYT8,0.0
UC5O114-PQNYkurlTg6hekZw,PLHLqQnOugs,0.0
UC5O114-PQNYkurlTg6hekZw,tCL_TQ19vP0,0.0
UC0p5jTq6Xx_DosDFxVXnWaQ,0tPft3UxLTY,0.0
UCupvZG-5ko_eiXAupbDfxWw,p5_Nr36yaCw,1.0
UCupvZG-5ko_eiXAupbDfxWw,3HMSQPMS6p4,1.0
UCupvZG-5ko_eiXAupbDfxWw,kCLb-8b2csc,1.0
UCupvZG-5ko_eiXAupbDfxWw,oLueBjkSObE,1.0
UCupvZG-5ko_eiXAupbDfxWw,5yLFRQTh0qQ,1.0
UCupvZG-5ko_eiXAupbDfxWw,yF6lZNu4XXI,1.0
UCupvZG-5ko_eiXAupbDfxWw,-AgK4_KS_eo,1.0
UCupvZG-5ko_eiXAupbDfxWw,cHSoXeYOiIE,1.0
UCupvZG-5ko_eiXAupbDfxWw,fv6jfqj2Hqc,1.0
UCupvZG-5ko_eiXAupbDfxWw,KkhR44kw3Ak,1.0
UCupvZG-5ko_eiXAupbDfxWw,YbwKUBLM_pA,1.0
UCupvZG-5ko_eiXAupbDfxWw,6ky0I852b1s,1.0
UCupvZG-5ko_eiXAupbDfxWw,Sj44GtzQUTs,1.0
UCupvZG-5ko_eiXAupbDfxWw,NJ5vFyrXiK0,1.0
UCupvZG-5ko_eiXAupbDfxWw,nVEB-hTu9xM,1.0
UCupvZG-5ko_eiXAupbDfxWw,9vCXFWtkab8,1.0
UCupvZG-5ko_eiXAupbDfxWw,3QaeFu0ueio,1.0
UCupvZG-5ko_eiXAupbDfxWw,-diE7kCCidE,1.0
UCupvZG-5ko_eiXAupbDfxWw,5GJv-OMlhdQ,1.0
UCupvZG-5ko_eiXAupbDfxWw,BV78gwmqxfE,1.0
UCupvZG-5ko_eiXAupbDfxWw,-8ZCdEWA-s4,1.0
UCupvZG-5ko_eiXAupbDfxWw,sdv98oRdreY,1.0
UCupvZG-5ko_eiXAupbDfxWw,KbejihtqvCs,1.0
UCupvZG-5ko_eiXAupbDfxWw,FfagSVFTkss,1.0
UCupvZG-5ko_eiXAupbDfxWw,4tBrQBYDtjY,1.0
UCupvZG-5ko_eiXAupbDfxWw,enl1OO8px04,1.0
UCupvZG-5ko_eiXAupbDfxWw,G23xDlSf7fo,1.0
UCupvZG-5ko_eiXAupbDfxWw,QbcmAD8Wlc0,1.0
UCupvZG-5ko_eiXAupbDfxWw,azpGBcjsUE4,1.0
UCupvZG-5ko_eiXAupbDfxWw,HoTGTF9Fl88,1.0
UCupvZG-5ko_eiXAupbDfxWw,KmaRp2skKp4,1.0
UCupvZG-5ko_eiXAupbDfxWw,pnR9kwIuy3U,1.0
UCupvZG-5ko_eiXAupbDfxWw,Fk6bhCbGjkc,1.0
UCupvZG-5ko_eiXAupbDfxWw,nCs3OL8sNlU,1.0
UCupvZG-5ko_eiXAupbDfxWw,iIMGnfQ3JZU,1.0
UCupvZG-5ko_eiXAupbDfxWw,mTMfQSbiVlg,1.0
UCupvZG-5ko_eiXAupbDfxWw,_xVxkDfZ5dU,1.0
UCupvZG-5ko_eiXAupbDfxWw,J-gcDRfTx5k,1.0
UCupvZG-5ko_eiXAupbDfxWw,XuphBq-kbHE,1.0
UCupvZG-5ko_eiXAupbDfxWw,8CSF_XltDoc,1.0
UCupvZG-5ko_eiXAupbDfxWw,XD9P5l9XHQI,1.0
UCupvZG-5ko_eiXAupbDfxWw,VMDeKUt2-yk,1.0
UCupvZG-5ko_eiXAupbDfxWw,LSxLfb2ADOE,1.0
UCupvZG-5ko_eiXAupbDfxWw,qE8QIzrNVK8,1.0
UCupvZG-5ko_eiXAupbDfxWw,7mzP3RxWOsM,1.0
UCupvZG-5ko_eiXAupbDfxWw,PE-UjlFURro,1.0
UCupvZG-5ko_eiXAupbDfxWw,5-RPvOSSj3o,1.0
UCupvZG-5ko_eiXAupbDfxWw,oelpcsIyF0o,1.0
UCupvZG-5ko_eiXAupbDfxWw,7FDWpPlBsso,1.0
UCupvZG-5ko_eiXAupbDfxWw,xO962MqXU_E,1.0
UCupvZG-5ko_eiXAupbDfxWw,T1TDlMwFUsU,1.0
UCBi2mrWuNuyYy4gbM6fU18Q,lTvg2RDigpc,1.0
UCBi2mrWuNuyYy4gbM6fU18Q,HiPl3_cY5UE,1.0
UCBi2mrWuNuyYy4gbM6fU18Q,DSGHEdMYYEo,1.0
UCBi2mrWuNuyYy4gbM6fU18Q,RJOLMk64c7Y,1.0
UCBi2mrWuNuyYy4gbM6fU18Q,_FHLxdWj3P4,1.0
UCBi2mrWuNuyYy4gbM6fU18Q,NQq1Kr7om8I,1.0
UCBi2mrWuNuyYy4gbM6fU18Q,94Y0cSF52Es,1.0
UCBi2mrWuNuyYy4gbM6fU18Q,ebyih7HSukg,1.0
UCBi2mrWuNuyYy4gbM6fU18Q,eKR6_aOTEqM,1.0
UCBi2mrWuNuyYy4gbM6fU18Q,UtdbJULDZVw,1.0
UCBi2mrWuNuyYy4gbM6fU18Q,wWhIGDd4C88,1.0
UCBi2mrWuNuyYy4gbM6fU18Q,jUq-iu8kvJw,1.0
UCBi2mrWuNuyYy4gbM6fU18Q,h4Oe1ifauPU,1.0
UCBi2mrWuNuyYy4gbM6fU18Q,Q6GEz86r_BE,1.0
UCBi2mrWuNuyYy4gbM6fU18Q,ZSPIpkb_F94,1.0
UCBi2mrWuNuyYy4gbM6fU18Q,MA730fsToag,1.0
UCBi2mrWuNuyYy4gbM6fU18Q,iGu7BMYiy1o,1.0
UCBi2mrWuNuyYy4gbM6fU18Q,oH42gMjvQHU,1.0
UCBi2mrWuNuyYy4gbM6fU18Q,Yqav-nFIpgM,1.0
UCBi2mrWuNuyYy4gbM6fU18Q,-7inSeSKpvU,1.0
UCBi2mrWuNuyYy4gbM6fU18Q,3ibFDg8_wrA,1.0
UCBi2mrWuNuyYy4gbM6fU18Q,DWMuJSMFWWA,1.0
UCBi2mrWuNuyYy4gbM6fU18Q,UMgjkNXmUUg,1.0
UCBi2mrWuNuyYy4gbM6fU18Q,8UmgeK4qZfU,1.0
UCBi2mrWuNuyYy4gbM6fU18Q,srfyutnyT4M,1.0
UCBi2mrWuNuyYy4gbM6fU18Q,54Z45qRDa0M,1.0
UCBi2mrWuNuyYy4gbM6fU18Q,YT3k-6KVzjk,1.0
UCBi2mrWuNuyYy4gbM6fU18Q,0GwJp_pdYA4,1.0
UCBi2mrWuNuyYy4gbM6fU18Q,_6416oRHYNI,1.0
UCBi2mrWuNuyYy4gbM6fU18Q,WeBZQYqCSNw,1.0
UCBi2mrWuNuyYy4gbM6fU18Q,Y7u6uMEAAn4,1.0
UCBi2mrWuNuyYy4gbM6fU18Q,TIvIvJGyCVU,1.0
UCBi2mrWuNuyYy4gbM6fU18Q,rkrDJNt-CiM,1.0
UCBi2mrWuNuyYy4gbM6fU18Q,IJgMtHrDagQ,1.0
UCBi2mrWuNuyYy4gbM6fU18Q,tVjZL1fUDvw,1.0
UCBi2mrWuNuyYy4gbM6fU18Q,O3K3y04d_zA,1.0
UCBi2mrWuNuyYy4gbM6fU18Q,niSYzMTd0cA,1.0
UCBi2mrWuNuyYy4gbM6fU18Q,oDUpOwJGL_I,1.0
UCBi2mrWuNuyYy4gbM6fU18Q,u_TiabmPRo8,1.0
UCBi2mrWuNuyYy4gbM6fU18Q,l2jGpEWNYNc,1.0
UCBi2mrWuNuyYy4gbM6fU18Q,Z4lOBiaujC8,1.0
UCBi2mrWuNuyYy4gbM6fU18Q,DWQhlkAnNGs,1.0
UCBi2mrWuNuyYy4gbM6fU18Q,3fcNX1aVx3A,1.0
UCBi2mrWuNuyYy4gbM6fU18Q,6hvDwf3vgeI,1.0
UCBi2mrWuNuyYy4gbM6fU18Q,xyfTjOk7CWE,1.0
UCBi2mrWuNuyYy4gbM6fU18Q,V015KEW1Hak,1.0
UCBi2mrWuNuyYy4gbM6fU18Q,nm2N7SYsUxE,1.0
UCBi2mrWuNuyYy4gbM6fU18Q,EmE62X61nBY,1.0
UC16niRr50-MSBwiO3YDb3RA,BDbIPczQvvQ,1.0
UC16niRr50-MSBwiO3YDb3RA,FTSBCjI6an4,1.0
UC16niRr50-MSBwiO3YDb3RA,apGEhHvu_0s,1.0
UC16niRr50-MSBwiO3YDb3RA,uOOU0HOLXdw,1.0
UC16niRr50-MSBwiO3YDb3RA,TARYTTXGyWg,1.0
UC16niRr50-MSBwiO3YDb3RA,eTHzny22144,1.0
UC16niRr50-MSBwiO3YDb3RA,HvAg45w8lhY,1.0
UC16niRr50-MSBwiO3YDb3RA,JJksoloubBg,1.0
UC16niRr50-MSBwiO3YDb3RA,-nb0SBxEG9g,1.0
UC16niRr50-MSBwiO3YDb3RA,tLI_xgxl-UQ,1.0
UC16niRr50-MSBwiO3YDb3RA,W3I7nKAkaE4,1.0
UC16niRr50-MSBwiO3YDb3RA,uWEn7eUmnDc,1.0
UC16niRr50-MSBwiO3YDb3RA,pHXlvG7S8mI,1.0
UC16niRr50-MSBwiO3YDb3RA,4AhWf_sr0Bc,1.0
UC16niRr50-MSBwiO3YDb3RA,5QW924AFGxA,1.0
UC16niRr50-MSBwiO3YDb3RA,9wu9zUWItY4,1.0
UC16niRr50-MSBwiO3YDb3RA,Mhl8MfPtzmw,1.0
UC16niRr50-MSBwiO3YDb3RA,dskqaYciNm4,1.0
UC16niRr50-MSBwiO3YDb3RA,mSp64slMwTk,1.0
UC16niRr50-MSBwiO3YDb3RA,E6GDT-7o6DA,1.0
UC16niRr50-MSBwiO3YDb3RA,gRkW2cUNjuY,1.0
UC16niRr50-MSBwiO3YDb3RA,Uqkkp7qUujc,1.0
UC16niRr50-MSBwiO3YDb3RA,lFt7VpHoWvs,1.0
UC16niRr50-MSBwiO3YDb3RA,HzmG50-e_Sw,1.0
UC16niRr50-MSBwiO3YDb3RA,3R6HnOTiwYs,1.0
UC16niRr50-MSBwiO3YDb3RA,2qQJuwZ5yp0,1.0
UC16niRr50-MSBwiO3YDb3RA,nKfwA7Pk04A,1.0
UC16niRr50-MSBwiO3YDb3RA,bQ38eqJH-ZA,1.0
UC16niRr50-MSBwiO3YDb3RA,FLCd57eJTiw,1.0
UC16niRr50-MSBwiO3YDb3RA,7GOM8wumFY4,1.0
UC16niRr50-MSBwiO3YDb3RA,YjH6_hsbyvY,1.0
UC16niRr50-MSBwiO3YDb3RA,Sj0Wrt8xcJM,1.0
UC16niRr50-MSBwiO3YDb3RA,41kWYJHfKvU,1.0
UC16niRr50-MSBwiO3YDb3RA,VP0cHc0PLhs,1.0
UC9k-yiEpRHMNVOnOi_aQK8w,dwShXgSYts4,1.0
UC9k-yiEpRHMNVOnOi_aQK8w,orZCGyR6ihA,1.0
UC9k-yiEpRHMNVOnOi_aQK8w,d45tC_0TUWk,1.0
UC9k-yiEpRHMNVOnOi_aQK8w,nrOMiWKFiv4,1.0
UC9k-yiEpRHMNVOnOi_aQK8w,753MxXHvTNI,1.0
UC9k-yiEpRHMNVOnOi_aQK8w,hd-ZttYlOa8,1.0
UC9k-yiEpRHMNVOnOi_aQK8w,qTKlqEcKP9o,1.0
UC9k-yiEpRHMNVOnOi_aQK8w,UNac_ppTpyQ,1.0
UC9k-yiEpRHMNVOnOi_aQK8w,horADlXgJU8,1.0
UC9k-yiEpRHMNVOnOi_aQK8w,rw2jJ7hU8QA,1.0
UC9k-yiEpRHMNVOnOi_aQK8w,HHOn_R2f5Ec,1.0
UC9k-yiEpRHMNVOnOi_aQK8w,dlIF4RNPWwo,1.0
UC9k-yiEpRHMNVOnOi_aQK8w,xM8O21c8nzE,1.0
UC9k-yiEpRHMNVOnOi_aQK8w,Nq3cZQ0v-0A,1.0
UC9k-yiEpRHMNVOnOi_aQK8w,0zse1_Ou34k,1.0
UC9k-yiEpRHMNVOnOi_aQK8w,alpq_5dK1mo,1.0
UC9k-yiEpRHMNVOnOi_aQK8w,s5goCJIs-8I,1.0
UC9k-yiEpRHMNVOnOi_aQK8w,eBpdi73uRZE,1.0
UC9k-yiEpRHMNVOnOi_aQK8w,0WgXGU5geJM,1.0
UC9k-yiEpRHMNVOnOi_aQK8w,KVmGjwV_BsU,1.0
UC9k-yiEpRHMNVOnOi_aQK8w,obCHCHCjdQA,1.0
UC9k-yiEpRHMNVOnOi_aQK8w,LJ9Se3Nx-X0,1.0
UC9k-yiEpRHMNVOnOi_aQK8w,4ud-5JxdD2g,1.0
UC9k-yiEpRHMNVOnOi_aQK8w,PX-WUX4PqwA,1.0
UC9k-yiEpRHMNVOnOi_aQK8w,K4ASFZbfNnY,1.0
UC9k-yiEpRHMNVOnOi_aQK8w,Y41lI46rsQc,1.0
UC9k-yiEpRHMNVOnOi_aQK8w,cMzev45ftKg,1.0
UC9k-yiEpRHMNVOnOi_aQK8w,4I9I9e85nfs,1.0
UC9k-yiEpRHMNVOnOi_aQK8w,NNm3DElqFLQ,1.0
UC9k-yiEpRHMNVOnOi_aQK8w,Tz4XF23T1-U,1.0
UC9k-yiEpRHMNVOnOi_aQK8w,8ih0UaRE3kA,1.0
UC9k-yiEpRHMNVOnOi_aQK8w,1SI0s9Daid4,1.0
UC9k-yiEpRHMNVOnOi_aQK8w,r1RDEL45Pg8,1.0
UC9k-yiEpRHMNVOnOi_aQK8w,PRrdMWrUKKk,1.0
UC9k-yiEpRHMNVOnOi_aQK8w,y0njyOjrAjM,1.0
UC9k-yiEpRHMNVOnOi_aQK8w,SIG5UDZbCCg,1.0
UC9k-yiEpRHMNVOnOi_aQK8w,Ms7QjTDH16s,1.0
UC9k-yiEpRHMNVOnOi_aQK8w,9oQa9E5as-Q,1.0
UC9k-yiEpRHMNVOnOi_aQK8w,l3E_Zjiikl8,1.0
UC9k-yiEpRHMNVOnOi_aQK8w,d7g2jmjqBys,1.0
UC9k-yiEpRHMNVOnOi_aQK8w,8O6qyPXfrH0,1.0
UC9k-yiEpRHMNVOnOi_aQK8w,j0Ps1IqyTeY,1.0
UC9k-yiEpRHMNVOnOi_aQK8w,rk7HGLQyAO4,1.0
UC9k-yiEpRHMNVOnOi_aQK8w,fDEoD_3Iyes,1.0
UC9k-yiEpRHMNVOnOi_aQK8w,jDvc3Q6xWjM,1.0
UC9k-yiEpRHMNVOnOi_aQK8w,N0gxa65uHQk,1.0
UC9k-yiEpRHMNVOnOi_aQK8w,yYV5fxU3uXY,1.0
UC9k-yiEpRHMNVOnOi_aQK8w,eDb91vHVM1o,1.0
UC9k-yiEpRHMNVOnOi_aQK8w,Pe7j8QX14t8,1.0
UC9k-yiEpRHMNVOnOi_aQK8w,RsUAKzP0tOc,1.0
UC9k-yiEpRHMNVOnOi_aQK8w,Aj1_qf6Sx54,1.0
UC9k-yiEpRHMNVOnOi_aQK8w,GYkuROKrjiQ,1.0
UC9k-yiEpRHMNVOnOi_aQK8w,gZbC40Civdg,1.0
UCXIJgqnII2ZOINSWNOGFThA,zjz-R5MLfEw,1.0
UCXIJgqnII2ZOINSWNOGFThA,eGhIBV1q1pY,1.0
UCXIJgqnII2ZOINSWNOGFThA,OzRR6ROQ-mA,1.0
UCXIJgqnII2ZOINSWNOGFThA,FVmAgytInrY,1.0
UCXIJgqnII2ZOINSWNOGFThA,sf5QfWIuCDg,1.0
UCXIJgqnII2ZOINSWNOGFThA,U7tj_fKq5to,1.0
UCXIJgqnII2ZOINSWNOGFThA,Pj9W-zr3_e8,1.0
UCXIJgqnII2ZOINSWNOGFThA,SKxeYSfJN1k,1.0
UCXIJgqnII2ZOINSWNOGFThA,_EMi2h5V75w,1.0
UCXIJgqnII2ZOINSWNOGFThA,9VfOYIL6QMU,1.0
UCXIJgqnII2ZOINSWNOGFThA,crBfKSXy-gU,1.0
UCXIJgqnII2ZOINSWNOGFThA,qmpqKJoC_4c,1.0
UCXIJgqnII2ZOINSWNOGFThA,m6vs7qHJ9eQ,1.0
UCXIJgqnII2ZOINSWNOGFThA,sxMxQD2mLVI,1.0
UCXIJgqnII2ZOINSWNOGFThA,m5rQzfN-VW8,1.0
UCXIJgqnII2ZOINSWNOGFThA,dV-1IRljYlQ,1.0
UCXIJgqnII2ZOINSWNOGFThA,EhYjAlyrzl4,1.0
UCXIJgqnII2ZOINSWNOGFThA,n8KaZI5XG28,1.0
UCXIJgqnII2ZOINSWNOGFThA,bYWMoLYEFBY,1.0
UCXIJgqnII2ZOINSWNOGFThA,JfGaaL-0YDk,1.0
UCXIJgqnII2ZOINSWNOGFThA,cWrmNU6QkeU,1.0
UCXIJgqnII2ZOINSWNOGFThA,-DIk__HLeMU,1.0
UCXIJgqnII2ZOINSWNOGFThA,iP-H28T1XGg,1.0
UCXIJgqnII2ZOINSWNOGFThA,7ZXziaZq9gQ,1.0
UCXIJgqnII2ZOINSWNOGFThA,wOmP8oo4m4k,1.0
UCXIJgqnII2ZOINSWNOGFThA,y9b-t9HKSgY,1.0
UCXIJgqnII2ZOINSWNOGFThA,Z_Anwu7LDkI,1.0
UCXIJgqnII2ZOINSWNOGFThA,xrGhSRCnXbk,1.0
UCXIJgqnII2ZOINSWNOGFThA,60cAhw4wjoY,1.0
UCXIJgqnII2ZOINSWNOGFThA,yUWtyxNCGVg,1.0
UCXIJgqnII2ZOINSWNOGFThA,4jblalZNrNs,1.0
UCXIJgqnII2ZOINSWNOGFThA,kzi1AXQ2W4Y,1.0
UCXIJgqnII2ZOINSWNOGFThA,MlRiBVEVpZw,1.0
UCXIJgqnII2ZOINSWNOGFThA,smpJM315T7k,1.0
UCXIJgqnII2ZOINSWNOGFThA,u3vAFMELv4I,1.0
UCXIJgqnII2ZOINSWNOGFThA,Bg1EEeK9ZdA,1.0
UCXIJgqnII2ZOINSWNOGFThA,6t3pImuB9uY,1.0
UCXIJgqnII2ZOINSWNOGFThA,Ch5a2BPnAxQ,1.0
UCXIJgqnII2ZOINSWNOGFThA,dds1f6xkGfo,1.0
UCXIJgqnII2ZOINSWNOGFThA,9KYnbP7zg5k,1.0
UCXIJgqnII2ZOINSWNOGFThA,DGzB1McUbkQ,1.0
UCXIJgqnII2ZOINSWNOGFThA,8KFkXcJuEtk,1.0
UCXIJgqnII2ZOINSWNOGFThA,Xsy-lIBGCa0,1.0
UCXIJgqnII2ZOINSWNOGFThA,_lp77rRFxcc,1.0
UCXIJgqnII2ZOINSWNOGFThA,slI2EuhR1HI,1.0
UCXIJgqnII2ZOINSWNOGFThA,oT-2oKXg8cY,1.0
UCXIJgqnII2ZOINSWNOGFThA,lLSGFsd1qQ0,1.0
UCXIJgqnII2ZOINSWNOGFThA,zjDVNb5UShM,1.0
UCXIJgqnII2ZOINSWNOGFThA,DZLWzq0Smrs,1.0
UCXIJgqnII2ZOINSWNOGFThA,YM63PT19nKI,1.0
UCXIJgqnII2ZOINSWNOGFThA,awwkwOy4Mqo,1.0
UCXIJgqnII2ZOINSWNOGFThA,kYDxpVKQH_w,1.0
UCXIJgqnII2ZOINSWNOGFThA,hYriEVLKPCs,1.0
UCXIJgqnII2ZOINSWNOGFThA,6U5jf2RJC28,1.0
UCXIJgqnII2ZOINSWNOGFThA,wTsrq94A6n8,1.0
UCXIJgqnII2ZOINSWNOGFThA,7vEWTyp-AhQ,1.0
UCXIJgqnII2ZOINSWNOGFThA,h3ByN5ZsoN8,1.0
UCXIJgqnII2ZOINSWNOGFThA,OodybxmgZjM,1.0
UCXIJgqnII2ZOINSWNOGFThA,CaTYPBTs4To,1.0
UCXIJgqnII2ZOINSWNOGFThA,L3xxbMbgwFw,1.0
UCXIJgqnII2ZOINSWNOGFThA,oyBQGu9ErJU,1.0
UCXIJgqnII2ZOINSWNOGFThA,_cjLpeD0WSY,1.0
UCXIJgqnII2ZOINSWNOGFThA,TNdzylE1NSU,1.0
UCXIJgqnII2ZOINSWNOGFThA,IizZjKco_ZI,1.0
UCXIJgqnII2ZOINSWNOGFThA,3U8V_pHWWKI,1.0
UCXIJgqnII2ZOINSWNOGFThA,WwFBT4qXUMo,1.0
UCXIJgqnII2ZOINSWNOGFThA,ZrccChZecWs,1.0
UCXIJgqnII2ZOINSWNOGFThA,RwvboGy5ZLY,1.0
UCXIJgqnII2ZOINSWNOGFThA,Ctl9BxdQ8w4,1.0
UCXIJgqnII2ZOINSWNOGFThA,4x2AhjDC4AA,1.0
UCXIJgqnII2ZOINSWNOGFThA,ykxlfcErSYs,1.0
UCXIJgqnII2ZOINSWNOGFThA,3JBGcor6Hhw,1.0
UCNye-wNBqNL5ZzHSJj3l8Bg,HJdjp1ZhbPw,1.0
UCNye-wNBqNL5ZzHSJj3l8Bg,djDWTgqDYC4,1.0
UCNye-wNBqNL5ZzHSJj3l8Bg,3x1tJo8vCn4,1.0
UCNye-wNBqNL5ZzHSJj3l8Bg,rNR89Kq7E3M,1.0
UCNye-wNBqNL5ZzHSJj3l8Bg,FWAmsdRWtsY,1.0
UCNye-wNBqNL5ZzHSJj3l8Bg,bT8is56_04U,1.0
UCNye-wNBqNL5ZzHSJj3l8Bg,2yXcg4jNHsY,1.0
UCNye-wNBqNL5ZzHSJj3l8Bg,TbmD-3ud3gI,1.0
UCNye-wNBqNL5ZzHSJj3l8Bg,OYmVxtwAEgc,1.0
UCNye-wNBqNL5ZzHSJj3l8Bg,ZV9CgxKlq1A,1.0
UCNye-wNBqNL5ZzHSJj3l8Bg,iZ6sgGHasDw,1.0
UCNye-wNBqNL5ZzHSJj3l8Bg,Uy_zobIeq60,1.0
UCNye-wNBqNL5ZzHSJj3l8Bg,Vjsv3Lvkx4U,1.0
UCNye-wNBqNL5ZzHSJj3l8Bg,_eEyu28BD4I,1.0
UCNye-wNBqNL5ZzHSJj3l8Bg,LVuGxdQDz9M,1.0
UCNye-wNBqNL5ZzHSJj3l8Bg,_I0nTTfzHWo,1.0
UCNye-wNBqNL5ZzHSJj3l8Bg,ErIQ-1wjBUA,1.0
UCNye-wNBqNL5ZzHSJj3l8Bg,bluIiCbKp6M,1.0
UCNye-wNBqNL5ZzHSJj3l8Bg,4_dDiOTv6rQ,1.0
UCNye-wNBqNL5ZzHSJj3l8Bg,WJn402g9YgY,1.0
UCNye-wNBqNL5ZzHSJj3l8Bg,2KJ1Vr46Qfc,1.0
UCNye-wNBqNL5ZzHSJj3l8Bg,y8Xx0MG768E,1.0
UCNye-wNBqNL5ZzHSJj3l8Bg,QkI_rWKEA6A,1.0
UCNye-wNBqNL5ZzHSJj3l8Bg,RGSE29eo2kg,1.0
UCNye-wNBqNL5ZzHSJj3l8Bg,d0AACXsBMX0,1.0
UCNye-wNBqNL5ZzHSJj3l8Bg,A-N9aqa-Pt4,1.0
UCNye-wNBqNL5ZzHSJj3l8Bg,qAlqcqXtGiY,1.0
UCNye-wNBqNL5ZzHSJj3l8Bg,hr1el6KZYsc,1.0
UCNye-wNBqNL5ZzHSJj3l8Bg,XK_A4AmoPoU,1.0
UCNye-wNBqNL5ZzHSJj3l8Bg,kqsXdGltxCE,1.0
UCNye-wNBqNL5ZzHSJj3l8Bg,honVeCG8T6M,1.0
UCNye-wNBqNL5ZzHSJj3l8Bg,KcQRZ8S-fXo,1.0
UCNye-wNBqNL5ZzHSJj3l8Bg,lSkXpKZrTRY,1.0
UCNye-wNBqNL5ZzHSJj3l8Bg,epyZlydv5ug,1.0
UCNye-wNBqNL5ZzHSJj3l8Bg,b0o-aGI1b8o,1.0
UCNye-wNBqNL5ZzHSJj3l8Bg,-zy12nIOxj0,1.0
UCNye-wNBqNL5ZzHSJj3l8Bg,BOgt9RG0ViU,1.0
UCNye-wNBqNL5ZzHSJj3l8Bg,oN5arplpUhM,1.0
UCNye-wNBqNL5ZzHSJj3l8Bg,v1d0vnTF8OE,1.0
UCNye-wNBqNL5ZzHSJj3l8Bg,_kJkbJoZA-A,1.0
UCNye-wNBqNL5ZzHSJj3l8Bg,-wXqSgd-OzI,1.0
UCNye-wNBqNL5ZzHSJj3l8Bg,wVzWTF-efqI,1.0
UCNye-wNBqNL5ZzHSJj3l8Bg,Z2HJVPH43cY,1.0
UCNye-wNBqNL5ZzHSJj3l8Bg,m4BGaFFdIVY,1.0
UCNye-wNBqNL5ZzHSJj3l8Bg,RbBBHibty5U,1.0
UCNye-wNBqNL5ZzHSJj3l8Bg,EJTHKB4H5JI,1.0
UCNye-wNBqNL5ZzHSJj3l8Bg,oCuz4JAWaAU,1.0
UCNye-wNBqNL5ZzHSJj3l8Bg,phGBBW7Y7i8,1.0
UCNye-wNBqNL5ZzHSJj3l8Bg,PmacT5SW2PY,1.0
UCNye-wNBqNL5ZzHSJj3l8Bg,vg8swH9HV1c,1.0
UCNye-wNBqNL5ZzHSJj3l8Bg,ILj-KSDqaMc,1.0
UCNye-wNBqNL5ZzHSJj3l8Bg,Sw4TtYqWgrQ,1.0
UCZaT_X_mc0BI-djXOlfhqWQ,i6CfYoMPISA,1.0
UCZaT_X_mc0BI-djXOlfhqWQ,CUlGNwUbY_8,1.0
UCZaT_X_mc0BI-djXOlfhqWQ,dq-B7qFBthE,1.0
UCZaT_X_mc0BI-djXOlfhqWQ,xP9B5LRNSCQ,1.0
UCZaT_X_mc0BI-djXOlfhqWQ,vHJd9GxEoX0,1.0
UCZaT_X_mc0BI-djXOlfhqWQ,3Nc4_oobCT8,1.0
UCZaT_X_mc0BI-djXOlfhqWQ,9p7dRa9-7as,1.0
UCZaT_X_mc0BI-djXOlfhqWQ,U6Ig_gSnV14,1.0
UCeY0bbntWzzVIaj2z3QigXg,cm8MQa_RO-s,1.0
UCeY0bbntWzzVIaj2z3QigXg,SE9nOzOP7CE,1.0
UCeY0bbntWzzVIaj2z3QigXg,dWh7khe8bbo,1.0
UCeY0bbntWzzVIaj2z3QigXg,1uxeWlx66ns,1.0
UCeY0bbntWzzVIaj2z3QigXg,-oXtTFm9JB0,1.0
UCeY0bbntWzzVIaj2z3QigXg,n8OF7zhVqVc,1.0
UCeY0bbntWzzVIaj2z3QigXg,87auQ1dg9-w,1.0
UCeY0bbntWzzVIaj2z3QigXg,TNZgngsL64I,1.0
UCeY0bbntWzzVIaj2z3QigXg,A06u46HW-v0,1.0
UCeY0bbntWzzVIaj2z3QigXg,P_zvmo_j2do,1.0
UCeY0bbntWzzVIaj2z3QigXg,waUVHmQYtus,1.0
UCeY0bbntWzzVIaj2z3QigXg,pGBo45xkM3g,1.0
UCeY0bbntWzzVIaj2z3QigXg,6jaXvZ6NlR4,1.0
UCeY0bbntWzzVIaj2z3QigXg,7cuFByURynk,1.0
UCeY0bbntWzzVIaj2z3QigXg,UITu0ij43I4,1.0
UCeY0bbntWzzVIaj2z3QigXg,o-fIZ_-NwA0,1.0
UCeY0bbntWzzVIaj2z3QigXg,DLnwXmW98wo,1.0
UCeY0bbntWzzVIaj2z3QigXg,NEsAsycenfU,1.0
UCeY0bbntWzzVIaj2z3QigXg,lTr7cdewzus,1.0
UCeY0bbntWzzVIaj2z3QigXg,5KpGPkOear8,1.0
UCeY0bbntWzzVIaj2z3QigXg,XvwKNL_RE6k,1.0
UCeY0bbntWzzVIaj2z3QigXg,XCXUFZ41FFU,1.0
UCeY0bbntWzzVIaj2z3QigXg,ucgb9MdGE1U,1.0
UCeY0bbntWzzVIaj2z3QigXg,0Igtg6cR0Sg,1.0
UCeY0bbntWzzVIaj2z3QigXg,u0XADaQb-RQ,1.0
UCeY0bbntWzzVIaj2z3QigXg,5KbEZgxHK2k,1.0
UCeY0bbntWzzVIaj2z3QigXg,tYNoIpPm1vQ,1.0
UCeY0bbntWzzVIaj2z3QigXg,-EDUpW7rUU4,1.0
UCeY0bbntWzzVIaj2z3QigXg,yMsDUEnOw8c,1.0
UCeY0bbntWzzVIaj2z3QigXg,8p46QaiwS8o,1.0
UCeY0bbntWzzVIaj2z3QigXg,ecfj-opUw2g,1.0
UCeY0bbntWzzVIaj2z3QigXg,rGMpS1oc-Zo,1.0
UCeY0bbntWzzVIaj2z3QigXg,1RVFgvARoYU,1.0
UCeY0bbntWzzVIaj2z3QigXg,tJjYJjAD40g,1.0
UCeY0bbntWzzVIaj2z3QigXg,q2yUdPgYYrU,1.0
UCeY0bbntWzzVIaj2z3QigXg,m-uhTne2KPI,1.0
UCeY0bbntWzzVIaj2z3QigXg,WGny3zlR8CI,1.0
UCeY0bbntWzzVIaj2z3QigXg,B_qskqBTKFo,1.0
UCeY0bbntWzzVIaj2z3QigXg,FyFpNs8Oy5o,1.0
UCeY0bbntWzzVIaj2z3QigXg,i5jwlfriEGk,1.0
UCeY0bbntWzzVIaj2z3QigXg,voUvYUxDto8,1.0
UCeY0bbntWzzVIaj2z3QigXg,aeeRKPWx6e8,1.0
UCeY0bbntWzzVIaj2z3QigXg,pyN0lBEY-E8,1.0
UCeY0bbntWzzVIaj2z3QigXg,X0FwfkGObJM,1.0
UCeY0bbntWzzVIaj2z3QigXg,4Nsfk2lek2g,1.0
UCeY0bbntWzzVIaj2z3QigXg,wVnwaIjLKLQ,1.0
UCeY0bbntWzzVIaj2z3QigXg,2Rzct5nwEdM,1.0
UCeY0bbntWzzVIaj2z3QigXg,OQ1UDYKF04I,1.0
UCeY0bbntWzzVIaj2z3QigXg,RrDRCsM-dD4,1.0
UCeY0bbntWzzVIaj2z3QigXg,GDmjwayzy7o,1.0
UCeY0bbntWzzVIaj2z3QigXg,uaad_uBmk8Y,1.0
UCeY0bbntWzzVIaj2z3QigXg,T7KCdOWLLRU,1.0
UCeY0bbntWzzVIaj2z3QigXg,YwZyvey1uwk,1.0
UCeY0bbntWzzVIaj2z3QigXg,d9IS6rgBnfg,1.0
UCeY0bbntWzzVIaj2z3QigXg,r9O5KJYFCIM,1.0
UCeY0bbntWzzVIaj2z3QigXg,MLzuN5XulfM,1.0
UCeY0bbntWzzVIaj2z3QigXg,3Xdbi5TRMG0,1.0
UCcyq283he07B7_KUX07mmtA,E1uhKOKRx-4,1.0
UCcyq283he07B7_KUX07mmtA,c3Zxc_WPwLs,1.0
UC1yBKRuGpC1tSM73A0ZjYjQ,dKS2X60r7kc,1.0
UC1yBKRuGpC1tSM73A0ZjYjQ,0qbKZEEt1ns,1.0
UC1yBKRuGpC1tSM73A0ZjYjQ,TJhJJsI_2E0,1.0
UC1yBKRuGpC1tSM73A0ZjYjQ,qdY5lg3QaTo,1.0
UC1yBKRuGpC1tSM73A0ZjYjQ,Nn3-MbEP1MY,1.0
UC1yBKRuGpC1tSM73A0ZjYjQ,eYeIo8PywYc,1.0
UC1yBKRuGpC1tSM73A0ZjYjQ,_n5XraK8EJk,1.0
UC1yBKRuGpC1tSM73A0ZjYjQ,4R5vCHvMCVk,1.0
UC1yBKRuGpC1tSM73A0ZjYjQ,I22M4MyTm0E,1.0
UC1yBKRuGpC1tSM73A0ZjYjQ,C3py0FyCWpk,1.0
UC1yBKRuGpC1tSM73A0ZjYjQ,8iON2j7m6YA,1.0
UC1yBKRuGpC1tSM73A0ZjYjQ,yghYduucXz0,1.0
UC1yBKRuGpC1tSM73A0ZjYjQ,GBOIHIYPhdg,1.0
UC1yBKRuGpC1tSM73A0ZjYjQ,hFrB-86ziAI,1.0
UC1yBKRuGpC1tSM73A0ZjYjQ,DgsWa0DXrgo,1.0
UC1yBKRuGpC1tSM73A0ZjYjQ,eskkKwwHsmk,1.0
UC1yBKRuGpC1tSM73A0ZjYjQ,CvGccmT5xv8,1.0
UC1yBKRuGpC1tSM73A0ZjYjQ,2fuHN14hWO0,1.0
UC1yBKRuGpC1tSM73A0ZjYjQ,vC-DDD71cAc,1.0
UC1yBKRuGpC1tSM73A0ZjYjQ,VazRfATKyFs,1.0
UC1yBKRuGpC1tSM73A0ZjYjQ,ZTDdpGyN7xg,1.0
UC1yBKRuGpC1tSM73A0ZjYjQ,Z7mMoaBLihY,1.0
UC1yBKRuGpC1tSM73A0ZjYjQ,lpDbfH_SJX4,1.0
UC1yBKRuGpC1tSM73A0ZjYjQ,Qh6Xclw6l-g,1.0
UC1yBKRuGpC1tSM73A0ZjYjQ,06kpSSSfx6Y,1.0
UC1yBKRuGpC1tSM73A0ZjYjQ,lG9ANRFGeOw,1.0
UC1yBKRuGpC1tSM73A0ZjYjQ,sunim6O-AJU,1.0
UC1yBKRuGpC1tSM73A0ZjYjQ,65Yzips0bFA,1.0
UC1yBKRuGpC1tSM73A0ZjYjQ,szA-HctdRy8,1.0
UC1yBKRuGpC1tSM73A0ZjYjQ,ct8zGg5f7fw,1.0
UC1yBKRuGpC1tSM73A0ZjYjQ,jvNXgDRv_RQ,1.0
UC1yBKRuGpC1tSM73A0ZjYjQ,zIi4YLwxUtQ,1.0
UC69uYUqvx-vw4luuX7aHNLQ,wknXCTXHhws,1.0
UC69uYUqvx-vw4luuX7aHNLQ,5W1JnXQuTg0,1.0
UCaXkIU1QidjPwiAYu6GcHjg,L_YkParn9os,1.0
UCaXkIU1QidjPwiAYu6GcHjg,chuwJSZ8rog,1.0
UCaXkIU1QidjPwiAYu6GcHjg,n5KuI25WsVk,1.0
UCaXkIU1QidjPwiAYu6GcHjg,5bzzURJ9xD8,1.0
UCaXkIU1QidjPwiAYu6GcHjg,8Lk76XKhWTI,1.0
UCaXkIU1QidjPwiAYu6GcHjg,oAzzoFlrv2Q,1.0
UCaXkIU1QidjPwiAYu6GcHjg,4e9awg49vjs,1.0
UCaXkIU1QidjPwiAYu6GcHjg,MP3WdlZZghs,1.0
UCaXkIU1QidjPwiAYu6GcHjg,t4Dj88H923I,1.0
UCaXkIU1QidjPwiAYu6GcHjg,deDV48A1aWU,1.0
UCaXkIU1QidjPwiAYu6GcHjg,sRRUnGdUzZ4,1.0
UCaXkIU1QidjPwiAYu6GcHjg,Rj7AusiSkhk,1.0
UCaXkIU1QidjPwiAYu6GcHjg,bBZAMWMFOAI,1.0
UCaXkIU1QidjPwiAYu6GcHjg,YdaSnWlanvA,1.0
UCaXkIU1QidjPwiAYu6GcHjg,H4grCCbliCU,1.0
UCaXkIU1QidjPwiAYu6GcHjg,MonsPhLBHJw,1.0
UCaXkIU1QidjPwiAYu6GcHjg,BqVp48dN6v0,1.0
UCaXkIU1QidjPwiAYu6GcHjg,YddwB_OSQxM,1.0
UCaXkIU1QidjPwiAYu6GcHjg,ftXpbrb1958,1.0
UCaXkIU1QidjPwiAYu6GcHjg,mQIDF4Y9ZGM,1.0
UCaXkIU1QidjPwiAYu6GcHjg,l_4-IRUp0bQ,1.0
UCaXkIU1QidjPwiAYu6GcHjg,LmyOaAOpIK8,1.0
UCaXkIU1QidjPwiAYu6GcHjg,ZWiS9suKXwI,1.0
UCaXkIU1QidjPwiAYu6GcHjg,jNVw4rlZbXc,1.0
UCaXkIU1QidjPwiAYu6GcHjg,1R81mRVob7c,1.0
UCaXkIU1QidjPwiAYu6GcHjg,Fi4R8MTOn70,1.0
UCaXkIU1QidjPwiAYu6GcHjg,TnXgF7uz6Q0,1.0
UCaXkIU1QidjPwiAYu6GcHjg,sR_8DlUhe40,1.0
UCaXkIU1QidjPwiAYu6GcHjg,2_m2rEwBRB0,1.0
UCaXkIU1QidjPwiAYu6GcHjg,vHGB5L3J8aM,1.0
UCaXkIU1QidjPwiAYu6GcHjg,zUn4Hi4RGew,1.0
UCaXkIU1QidjPwiAYu6GcHjg,LDpMd0hVIo8,1.0
UCaXkIU1QidjPwiAYu6GcHjg,tJ2YnC7p6O8,1.0
UCaXkIU1QidjPwiAYu6GcHjg,aBLOgSi2Thk,1.0
UCaXkIU1QidjPwiAYu6GcHjg,wzCl_sMrJaI,1.0
UCaXkIU1QidjPwiAYu6GcHjg,HZ-mlYTmQmI,1.0
UCaXkIU1QidjPwiAYu6GcHjg,7fY3e6TGtYM,1.0
UCaXkIU1QidjPwiAYu6GcHjg,OB1MciDSDOM,1.0
UCaXkIU1QidjPwiAYu6GcHjg,XtI1sDU19us,1.0
UCaXkIU1QidjPwiAYu6GcHjg,mH_DWidb5II,1.0
UCaXkIU1QidjPwiAYu6GcHjg,SV86ohfUsFA,1.0
UCaXkIU1QidjPwiAYu6GcHjg,BQ6qYqnT4OU,1.0
UCaXkIU1QidjPwiAYu6GcHjg,y_3Y7jDDzPM,1.0
UCaXkIU1QidjPwiAYu6GcHjg,1esX45gllB4,1.0
UCaXkIU1QidjPwiAYu6GcHjg,AWPsydFvP_4,1.0
UCaXkIU1QidjPwiAYu6GcHjg,FvOz0JOalGI,1.0
UCaXkIU1QidjPwiAYu6GcHjg,esfjfHv44bk,1.0
UCaXkIU1QidjPwiAYu6GcHjg,YkSbBA1-Oqk,1.0
UCaXkIU1QidjPwiAYu6GcHjg,Vv7CD5Gr0Gw,1.0
UCaXkIU1QidjPwiAYu6GcHjg,HXHJnCtfNs8,1.0
UCaXkIU1QidjPwiAYu6GcHjg,nGD3WC-3FbY,1.0
UCaXkIU1QidjPwiAYu6GcHjg,1nz6yjQOSE4,1.0
UCaXkIU1QidjPwiAYu6GcHjg,--0ygXbCFoU,1.0
UCaXkIU1QidjPwiAYu6GcHjg,VV7wZkRwCBc,1.0
UCaXkIU1QidjPwiAYu6GcHjg,azPDrI1zpZM,1.0
UCaXkIU1QidjPwiAYu6GcHjg,RiGtr-F3rfk,1.0
UCaXkIU1QidjPwiAYu6GcHjg,5DRaRp2LlwU,1.0
UCaXkIU1QidjPwiAYu6GcHjg,ejfYQw_dO8o,1.0
UCaXkIU1QidjPwiAYu6GcHjg,zaUHhqPBf-8,1.0
UCaXkIU1QidjPwiAYu6GcHjg,IAEgkDXh9TE,1.0
UCaXkIU1QidjPwiAYu6GcHjg,lAB6kWE2lDE,1.0
UCaXkIU1QidjPwiAYu6GcHjg,LMjIGakW97c,1.0
UCaXkIU1QidjPwiAYu6GcHjg,13mMfwfRNqk,1.0
UCpwvZwUam-URkxB7g4USKpg,-ctkwhCjYA4,1.0
UCpwvZwUam-URkxB7g4USKpg,qn0_Wd11Xjo,1.0
UCpwvZwUam-URkxB7g4USKpg,cRrSe9K9gRs,1.0
UCpwvZwUam-URkxB7g4USKpg,1GxJfuZOmsQ,1.0
UCpwvZwUam-URkxB7g4USKpg,1uQF8Nq2wSA,1.0
UCpwvZwUam-URkxB7g4USKpg,xI2OORMvRus,1.0
UCpwvZwUam-URkxB7g4USKpg,z5DBlI58rrc,1.0
UCpwvZwUam-URkxB7g4USKpg,8cJu4YFaBtM,1.0
UCpwvZwUam-URkxB7g4USKpg,LX-OQgD94gM,1.0
UCpwvZwUam-URkxB7g4USKpg,WB_Ce3IgzRE,1.0
UCpwvZwUam-URkxB7g4USKpg,tL4MLgb3pE0,1.0
UCpwvZwUam-URkxB7g4USKpg,jB1487d3K4E,1.0
UCpwvZwUam-URkxB7g4USKpg,29waDMTwpsE,1.0
UCpwvZwUam-URkxB7g4USKpg,mxDXx0InHdM,1.0
UCpwvZwUam-URkxB7g4USKpg,cDtImoxr_Mg,1.0
UCpwvZwUam-URkxB7g4USKpg,OaGmF5kT8m8,1.0
UCpwvZwUam-URkxB7g4USKpg,f3i-xhEiHmo,1.0
UCpwvZwUam-URkxB7g4USKpg,SNKMnRCi9EI,1.0
UCpwvZwUam-URkxB7g4USKpg,am2Si3DE13g,1.0
UCpwvZwUam-URkxB7g4USKpg,hFRr4zF5zRE,1.0
UCpwvZwUam-URkxB7g4USKpg,JHl55IW8jjo,1.0
UCpwvZwUam-URkxB7g4USKpg,c54hw3GNFLk,1.0
UCpwvZwUam-URkxB7g4USKpg,ZBlIXKN-1Nk,1.0
UCpwvZwUam-URkxB7g4USKpg,h1ptq3xxne0,1.0
UCpwvZwUam-URkxB7g4USKpg,j3Q_Y7_hzYw,1.0
UCpwvZwUam-URkxB7g4USKpg,ZRZbhJw8iJQ,1.0
UCpwvZwUam-URkxB7g4USKpg,D16LXogXkYE,1.0
UCpwvZwUam-URkxB7g4USKpg,nL8PvXzr99Q,1.0
UCpwvZwUam-URkxB7g4USKpg,OSP4I39CcLk,1.0
UCpwvZwUam-URkxB7g4USKpg,vGQfhNh3zGs,1.0
UCpwvZwUam-URkxB7g4USKpg,_9iZuU96jjk,1.0
UCpwvZwUam-URkxB7g4USKpg,6sO96I7LkEQ,1.0
UCpwvZwUam-URkxB7g4USKpg,Z_CpRNKDwZg,1.0
UCpwvZwUam-URkxB7g4USKpg,LCyfEUzc9cU,1.0
UCpwvZwUam-URkxB7g4USKpg,rS1j-pt7yls,1.0
UCpwvZwUam-URkxB7g4USKpg,hKd5xLWHwrw,1.0
UCpwvZwUam-URkxB7g4USKpg,9RbZecUFQg4,1.0
UCpwvZwUam-URkxB7g4USKpg,08zzAKHQ4bs,1.0
UCpwvZwUam-URkxB7g4USKpg,Gb2aypD368o,1.0
UCpwvZwUam-URkxB7g4USKpg,_VvluqBBJcI,1.0
UCpwvZwUam-URkxB7g4USKpg,fnLMaAw685I,1.0
UCpwvZwUam-URkxB7g4USKpg,ATjBMQNtu_0,1.0
UCpwvZwUam-URkxB7g4USKpg,EKv6TuL6iEo,1.0
UCpwvZwUam-URkxB7g4USKpg,6nvL1zb7pE0,1.0
UCpwvZwUam-URkxB7g4USKpg,-7EOPRclPF4,1.0
UCpwvZwUam-URkxB7g4USKpg,q1dU9cUH2-g,1.0
UCpwvZwUam-URkxB7g4USKpg,5dNenlPJ0FU,1.0
UCpwvZwUam-URkxB7g4USKpg,ooiww4rDqjA,1.0
UCpwvZwUam-URkxB7g4USKpg,AxFR84QctrI,1.0
UCpwvZwUam-URkxB7g4USKpg,hqKCsFbuBOk,1.0
UCpwvZwUam-URkxB7g4USKpg,2jDPeToynyg,1.0
UCpwvZwUam-URkxB7g4USKpg,BQ3v4k9NYFY,1.0
UCpwvZwUam-URkxB7g4USKpg,j1j6RMqD-m4,1.0
UCpwvZwUam-URkxB7g4USKpg,3V8WKph9aI8,1.0
UCpwvZwUam-URkxB7g4USKpg,_7hwN7VXMa8,1.0
UCpwvZwUam-URkxB7g4USKpg,7uHBkvh3Olc,1.0
UCpwvZwUam-URkxB7g4USKpg,MP62ShYKKQo,1.0
UC8p1vwvWtl6T73JiExfWs1g,Klr-pSJ5TlA,1.0
UC8p1vwvWtl6T73JiExfWs1g,9aJjmHUVjeA,1.0
UC8p1vwvWtl6T73JiExfWs1g,DGbjiXV2iAo,1.0
UC8p1vwvWtl6T73JiExfWs1g,qQH1BN_q5p0,1.0
UC8p1vwvWtl6T73JiExfWs1g,1VgGKr56tTk,1.0
UC8p1vwvWtl6T73JiExfWs1g,o1Xp7cYFRzQ,1.0
UC8p1vwvWtl6T73JiExfWs1g,Mp4nNVHqlp8,1.0
UC8p1vwvWtl6T73JiExfWs1g,VnqpR-bMpks,1.0
UC8p1vwvWtl6T73JiExfWs1g,SEbJfMK3jCI,1.0
UC8p1vwvWtl6T73JiExfWs1g,aOc4W0sJfFU,1.0
UC8p1vwvWtl6T73JiExfWs1g,VK6aAOJVC_o,1.0
UC8p1vwvWtl6T73JiExfWs1g,sNBkO5DtAJQ,1.0
UC8p1vwvWtl6T73JiExfWs1g,hVlhZegW7vY,1.0
UC8p1vwvWtl6T73JiExfWs1g,1pKCZqmP9dg,1.0
UC8p1vwvWtl6T73JiExfWs1g,npiE1NfjfbM,1.0
UC8p1vwvWtl6T73JiExfWs1g,ceF7KavZcCU,1.0
UC8p1vwvWtl6T73JiExfWs1g,Et-cimNaoas,1.0
UC8p1vwvWtl6T73JiExfWs1g,IY6o0xLaHG8,1.0
UC8p1vwvWtl6T73JiExfWs1g,iC169E2ojM0,1.0
UC8p1vwvWtl6T73JiExfWs1g,a6s_dZHdfqc,1.0
UC8p1vwvWtl6T73JiExfWs1g,HOVB3Dr9eho,1.0
UC8p1vwvWtl6T73JiExfWs1g,tfU6mJZLEVk,1.0
UC8p1vwvWtl6T73JiExfWs1g,QIgDuX4gIak,1.0
UC8p1vwvWtl6T73JiExfWs1g,yDw-5g1n2AM,1.0
UC8p1vwvWtl6T73JiExfWs1g,j5dDW43-kHg,1.0
UC8p1vwvWtl6T73JiExfWs1g,r-V-_QJcukE,1.0
UC8p1vwvWtl6T73JiExfWs1g,_yn3P3CiQeU,1.0
UC8p1vwvWtl6T73JiExfWs1g,pubABNXKUiw,1.0
UC8p1vwvWtl6T73JiExfWs1g,Bx_R7VM-54o,1.0
UC8p1vwvWtl6T73JiExfWs1g,9g-xPTpeL_0,1.0
UC8p1vwvWtl6T73JiExfWs1g,pb18Kngu-z0,1.0
UC8p1vwvWtl6T73JiExfWs1g,XuZ5qVzuLsU,1.0
UC8p1vwvWtl6T73JiExfWs1g,t66GbiKIPng,1.0
UC8p1vwvWtl6T73JiExfWs1g,rnMnncEMN5s,1.0
UC8p1vwvWtl6T73JiExfWs1g,5IjRyLo6-2k,1.0
UC8p1vwvWtl6T73JiExfWs1g,w7tDgOurVKg,1.0
UC8p1vwvWtl6T73JiExfWs1g,YD5OTW5TzOI,1.0
UC8p1vwvWtl6T73JiExfWs1g,AAWUOEott9s,1.0
UC8p1vwvWtl6T73JiExfWs1g,3lOWHWQCo2M,1.0
UC8p1vwvWtl6T73JiExfWs1g,oN5-24GNOGA,1.0
UC8p1vwvWtl6T73JiExfWs1g,qFyxwWI6mV4,1.0
UC8p1vwvWtl6T73JiExfWs1g,PdeKOwS12vk,1.0
UC8p1vwvWtl6T73JiExfWs1g,Iqg33eXgxXw,1.0
UC8p1vwvWtl6T73JiExfWs1g,ReKxvoxjVOA,1.0
UC8p1vwvWtl6T73JiExfWs1g,9-JHW3Y2PII,1.0
UC8p1vwvWtl6T73JiExfWs1g,nZ-pVfszPCk,1.0
UC8p1vwvWtl6T73JiExfWs1g,A4Rft2HSn60,1.0
UC8p1vwvWtl6T73JiExfWs1g,cR5dX0N2N4E,1.0
UC8p1vwvWtl6T73JiExfWs1g,BWutCR6jQ_k,1.0
UC8p1vwvWtl6T73JiExfWs1g,1M6US-s1te0,1.0
UC8p1vwvWtl6T73JiExfWs1g,XiWZb9J8UT8,1.0
UC8p1vwvWtl6T73JiExfWs1g,rtJyYMpVg-I,1.0
UC8p1vwvWtl6T73JiExfWs1g,tg_MNz255jQ,1.0
UC8p1vwvWtl6T73JiExfWs1g,05oB9NpwbIE,1.0
UC8p1vwvWtl6T73JiExfWs1g,XdGHUHgcW_I,1.0
UC8p1vwvWtl6T73JiExfWs1g,dqlWqF5J6Nk,1.0
UC8p1vwvWtl6T73JiExfWs1g,pxmKpjHsCB8,1.0
UC8p1vwvWtl6T73JiExfWs1g,KitEWM1AAIc,1.0
UC8p1vwvWtl6T73JiExfWs1g,-F2r0P91apQ,1.0
UC8p1vwvWtl6T73JiExfWs1g,c1ob-PV7FEQ,1.0
UC52X5wxOL_s5yw0dQk7NtgA,YvMvELAMsRA,1.0
UC52X5wxOL_s5yw0dQk7NtgA,msTA-Qttw18,1.0
UC52X5wxOL_s5yw0dQk7NtgA,85gFjsXP5E0,1.0
UC52X5wxOL_s5yw0dQk7NtgA,Wiw9itEjKos,1.0
UC52X5wxOL_s5yw0dQk7NtgA,NrMb5cnGTZU,1.0
UC52X5wxOL_s5yw0dQk7NtgA,g04pzhHuA0Y,1.0
UC52X5wxOL_s5yw0dQk7NtgA,4dG0gzkEsoQ,1.0
UC52X5wxOL_s5yw0dQk7NtgA,JGXZBl_eSog,1.0
UC52X5wxOL_s5yw0dQk7NtgA,XfS_BHlyhH8,1.0
UC52X5wxOL_s5yw0dQk7NtgA,q8gh-X95p4w,1.0
UC52X5wxOL_s5yw0dQk7NtgA,jw9hz8zhKaI,1.0
UC52X5wxOL_s5yw0dQk7NtgA,dYbNNiSd8_I,1.0
UC52X5wxOL_s5yw0dQk7NtgA,N82CeD-nteU,1.0
UC52X5wxOL_s5yw0dQk7NtgA,dT7iajdAjE0,1.0
UC52X5wxOL_s5yw0dQk7NtgA,PuQjcG01ob8,1.0
UC52X5wxOL_s5yw0dQk7NtgA,DlftsoGWsIg,1.0
UC52X5wxOL_s5yw0dQk7NtgA,nOGEcBEprVU,1.0
UC52X5wxOL_s5yw0dQk7NtgA,gjutRbwSZYQ,1.0
UC52X5wxOL_s5yw0dQk7NtgA,9Dc2f7liKXo,1.0
UC52X5wxOL_s5yw0dQk7NtgA,dazByuXnQm0,1.0
UC52X5wxOL_s5yw0dQk7NtgA,ICFI6nTV0iA,1.0
UC52X5wxOL_s5yw0dQk7NtgA,ZCj4njYN12I,1.0
UC52X5wxOL_s5yw0dQk7NtgA,OBgT5p_hS54,1.0
UC52X5wxOL_s5yw0dQk7NtgA,Ie91EwtHiGE,1.0
UC52X5wxOL_s5yw0dQk7NtgA,7PQtMLKflFc,1.0
UC52X5wxOL_s5yw0dQk7NtgA,F9Io-SNP-9Q,1.0
UC52X5wxOL_s5yw0dQk7NtgA,XuL7E7WtlPw,1.0
UC52X5wxOL_s5yw0dQk7NtgA,HS5mup8EaLw,1.0
UC52X5wxOL_s5yw0dQk7NtgA,PeQd6ludG1A,1.0
UC52X5wxOL_s5yw0dQk7NtgA,2wObq7Ltt98,1.0
UC52X5wxOL_s5yw0dQk7NtgA,kUc-izH_TNU,1.0
UC52X5wxOL_s5yw0dQk7NtgA,zXbHd-RyT0c,1.0
UC52X5wxOL_s5yw0dQk7NtgA,vM-rgHXjvWg,1.0
UC52X5wxOL_s5yw0dQk7NtgA,IDKQS72KCa4,1.0
UC52X5wxOL_s5yw0dQk7NtgA,aWf-SY0vApA,1.0
UC52X5wxOL_s5yw0dQk7NtgA,x4iJV8y-UdI,1.0
UC52X5wxOL_s5yw0dQk7NtgA,NMQyGGSmdUQ,1.0
UC52X5wxOL_s5yw0dQk7NtgA,aZM5DXyrE8c,1.0
UC52X5wxOL_s5yw0dQk7NtgA,7_i17E7QNaY,1.0
UC52X5wxOL_s5yw0dQk7NtgA,68V58pPTHCg,1.0
UC52X5wxOL_s5yw0dQk7NtgA,vxD5OsS2Z3A,1.0
UC52X5wxOL_s5yw0dQk7NtgA,egRDo02RYYQ,1.0
UC52X5wxOL_s5yw0dQk7NtgA,6bhCq-qFzH8,1.0
UC52X5wxOL_s5yw0dQk7NtgA,9W_DntbDp7Y,1.0
UC52X5wxOL_s5yw0dQk7NtgA,WXs_DI818pU,1.0
UC52X5wxOL_s5yw0dQk7NtgA,P32qNq05F_8,1.0
UC52X5wxOL_s5yw0dQk7NtgA,jdJkZDSjNuY,1.0
UC52X5wxOL_s5yw0dQk7NtgA,njgSzB-7-TI,1.0
UC52X5wxOL_s5yw0dQk7NtgA,9yte1GZnf5s,1.0
UC52X5wxOL_s5yw0dQk7NtgA,vvcsZtbwUZY,1.0
UC52X5wxOL_s5yw0dQk7NtgA,SYUYnPhywN0,1.0
UC52X5wxOL_s5yw0dQk7NtgA,6n6DK9QLavw,1.0
UC52X5wxOL_s5yw0dQk7NtgA,u7BApwxR0sI,1.0
UC52X5wxOL_s5yw0dQk7NtgA,aKoUMETm7mc,1.0
UChDKyKQ59fYz3JO2fl0Z6sg,xvfIqfcXduQ,1.0
UChDKyKQ59fYz3JO2fl0Z6sg,Bti09_AMRRc,1.0
UChDKyKQ59fYz3JO2fl0Z6sg,DNzzkoXOy5M,1.0
UChDKyKQ59fYz3JO2fl0Z6sg,WySls0R3_XU,1.0
UChDKyKQ59fYz3JO2fl0Z6sg,3a8e4h-TZl8,1.0
UChDKyKQ59fYz3JO2fl0Z6sg,LacuQd3drEY,1.0
UChDKyKQ59fYz3JO2fl0Z6sg,IFNyEodPWL4,1.0
UChDKyKQ59fYz3JO2fl0Z6sg,Sfm74hu8t1E,1.0
UChDKyKQ59fYz3JO2fl0Z6sg,1nSbYTqIqzg,1.0
UChDKyKQ59fYz3JO2fl0Z6sg,MHKsnGbMVFg,1.0
UChDKyKQ59fYz3JO2fl0Z6sg,fNeOsUsy5iQ,1.0
UChDKyKQ59fYz3JO2fl0Z6sg,uVFkLqwHMQQ,1.0
UChDKyKQ59fYz3JO2fl0Z6sg,wNyckyFmci0,1.0
UChDKyKQ59fYz3JO2fl0Z6sg,XxpNgTDAW9c,1.0
UChDKyKQ59fYz3JO2fl0Z6sg,BZ9DSnN0DDo,1.0
UChDKyKQ59fYz3JO2fl0Z6sg,yQi6J6CvRoM,1.0
UChDKyKQ59fYz3JO2fl0Z6sg,4TNsF7ZiOCc,1.0
UChDKyKQ59fYz3JO2fl0Z6sg,Q8eroy8veAY,1.0
UChDKyKQ59fYz3JO2fl0Z6sg,7I6_Sbz8dDw,1.0
UChDKyKQ59fYz3JO2fl0Z6sg,dNhQ2K-DVkA,1.0
UChDKyKQ59fYz3JO2fl0Z6sg,eDAwRpn_xoI,1.0
UChDKyKQ59fYz3JO2fl0Z6sg,zQ74dNRe4VQ,1.0
UChDKyKQ59fYz3JO2fl0Z6sg,x4DcBowzk4I,1.0
UChDKyKQ59fYz3JO2fl0Z6sg,HR7g7BIE4iQ,1.0
UChDKyKQ59fYz3JO2fl0Z6sg,b-Y7qkXb4E8,1.0
UChDKyKQ59fYz3JO2fl0Z6sg,A7TBn9u0QPw,1.0
UChDKyKQ59fYz3JO2fl0Z6sg,vv5_5cxscok,1.0
UChDKyKQ59fYz3JO2fl0Z6sg,HOUSm8IIOsE,1.0
UChDKyKQ59fYz3JO2fl0Z6sg,jM7b7A8B_Vo,1.0
UChDKyKQ59fYz3JO2fl0Z6sg,Wnakj2G99ds,1.0
UChDKyKQ59fYz3JO2fl0Z6sg,9mObE8FDXLg,1.0
UChDKyKQ59fYz3JO2fl0Z6sg,uhPThInhtKQ,1.0
UChDKyKQ59fYz3JO2fl0Z6sg,-j8bozEnk04,1.0
UChDKyKQ59fYz3JO2fl0Z6sg,LHK0QLx3yco,1.0
UChDKyKQ59fYz3JO2fl0Z6sg,aSrWT3PajDM,1.0
UChDKyKQ59fYz3JO2fl0Z6sg,-Qy0xNjr-Qg,1.0
UChDKyKQ59fYz3JO2fl0Z6sg,hxSX8AxpO8c,1.0
UChDKyKQ59fYz3JO2fl0Z6sg,XzWz-8rrpSI,1.0
UChDKyKQ59fYz3JO2fl0Z6sg,rGiMjMZbaO4,1.0
UChDKyKQ59fYz3JO2fl0Z6sg,s1jPA3JYvxQ,1.0
UChDKyKQ59fYz3JO2fl0Z6sg,_hbrFlRKZ34,1.0
UChDKyKQ59fYz3JO2fl0Z6sg,8gaWANVz_yc,1.0
UChDKyKQ59fYz3JO2fl0Z6sg,aeDor_Z-M3M,1.0
UChDKyKQ59fYz3JO2fl0Z6sg,Mr3Glq94FHA,1.0
UChDKyKQ59fYz3JO2fl0Z6sg,EibMHm4DGqc,1.0
UChDKyKQ59fYz3JO2fl0Z6sg,Tx1lSUOivIA,1.0
UChDKyKQ59fYz3JO2fl0Z6sg,8fScpcaSCOQ,1.0
UChDKyKQ59fYz3JO2fl0Z6sg,6GlKyL-8Yfg,1.0
UChDKyKQ59fYz3JO2fl0Z6sg,VvxozSWWLrs,1.0
UChDKyKQ59fYz3JO2fl0Z6sg,iYxYglSqLdg,1.0
UChDKyKQ59fYz3JO2fl0Z6sg,Q9VmCg7VifI,1.0
UCHTK-2W11Vh1V4uwofOfR4w,FmKs7Y21xVU,1.0
UCHTK-2W11Vh1V4uwofOfR4w,Ny6UxXrxWoU,1.0
UCHTK-2W11Vh1V4uwofOfR4w,gEJ9wWm_6N4,1.0
UCHTK-2W11Vh1V4uwofOfR4w,2m6Gm7y6bOE,1.0
UCHTK-2W11Vh1V4uwofOfR4w,_e-tXgfRKn8,1.0
UCHTK-2W11Vh1V4uwofOfR4w,cdWJUQPMBEY,1.0
UCHTK-2W11Vh1V4uwofOfR4w,3avrJR_skx4,1.0
UCHTK-2W11Vh1V4uwofOfR4w,V3-suIRd19c,1.0
UCHTK-2W11Vh1V4uwofOfR4w,HB4gpxpT9Ww,1.0
UCHTK-2W11Vh1V4uwofOfR4w,dt3rQaoNjt0,1.0
UCHTK-2W11Vh1V4uwofOfR4w,JUqQy86WqFo,1.0
UCHTK-2W11Vh1V4uwofOfR4w,YnjgvbCBKW8,1.0
UCHTK-2W11Vh1V4uwofOfR4w,QxDs2AvSv5o,1.0
UCHTK-2W11Vh1V4uwofOfR4w,AIS5_Sbn6Ig,1.0
UCHTK-2W11Vh1V4uwofOfR4w,1NbnGSYWkLM,1.0
UCHTK-2W11Vh1V4uwofOfR4w,wuQfNxzcZYY,1.0
UCHTK-2W11Vh1V4uwofOfR4w,Ui3JxeHAA9M,1.0
UCHTK-2W11Vh1V4uwofOfR4w,ElXYowPLYpE,1.0
UCHTK-2W11Vh1V4uwofOfR4w,DHKo0pKUPns,1.0
UCHTK-2W11Vh1V4uwofOfR4w,bGqnGGdlCdk,1.0
UCHTK-2W11Vh1V4uwofOfR4w,F4U7UNYqoQ4,1.0
UCHTK-2W11Vh1V4uwofOfR4w,exj1IWH95J8,1.0
UCHTK-2W11Vh1V4uwofOfR4w,HgNu9wvwLf0,1.0
UCHTK-2W11Vh1V4uwofOfR4w,krCjME7GEFY,1.0
UCHTK-2W11Vh1V4uwofOfR4w,g4DrrTa1w-A,1.0
UCHTK-2W11Vh1V4uwofOfR4w,eIt1_oiTfpg,1.0
UCHTK-2W11Vh1V4uwofOfR4w,MronBTaDYEY,1.0
UCHTK-2W11Vh1V4uwofOfR4w,8K6f0HvB7_I,1.0
UCHTK-2W11Vh1V4uwofOfR4w,93wH5CRd4NM,1.0
UCHTK-2W11Vh1V4uwofOfR4w,tvcxNVs9K6g,1.0
UCHTK-2W11Vh1V4uwofOfR4w,xR4U9dbVgy8,1.0
UCHTK-2W11Vh1V4uwofOfR4w,bX-nMpFULFE,1.0
UCHTK-2W11Vh1V4uwofOfR4w,LJ9dp8YAsuY,1.0
UCHTK-2W11Vh1V4uwofOfR4w,ggPt_9tU5bE,1.0
UCHTK-2W11Vh1V4uwofOfR4w,8hG8uAtE5yQ,1.0
UCHTK-2W11Vh1V4uwofOfR4w,DMiLw-X6EEg,1.0
UCHTK-2W11Vh1V4uwofOfR4w,JtEVwlSmFFc,1.0
UCHTK-2W11Vh1V4uwofOfR4w,AnkoA9yuZRk,1.0
UCHTK-2W11Vh1V4uwofOfR4w,ihiw-BP1pHI,1.0
UCHTK-2W11Vh1V4uwofOfR4w,8dmjQc0j1tw,1.0
UCHTK-2W11Vh1V4uwofOfR4w,DSDn4EUboDc,1.0
UCHTK-2W11Vh1V4uwofOfR4w,FaGNImKeg7E,1.0
UCHTK-2W11Vh1V4uwofOfR4w,YPX6oZmuIzc,1.0
UCHTK-2W11Vh1V4uwofOfR4w,PxQ95RegAh4,1.0
UCHTK-2W11Vh1V4uwofOfR4w,HsjDAPnot3I,1.0
UCHTK-2W11Vh1V4uwofOfR4w,RO5AlkT9OxM,1.0
UCHTK-2W11Vh1V4uwofOfR4w,3BclRW1FjM8,1.0
UCHTK-2W11Vh1V4uwofOfR4w,ityZlzycfEM,1.0
UCHTK-2W11Vh1V4uwofOfR4w,cCrF8XYNhyc,1.0
UCHTK-2W11Vh1V4uwofOfR4w,Wpc7AQbvQwc,1.0
UCHTK-2W11Vh1V4uwofOfR4w,snj-YXZLhtY,1.0
UCHTK-2W11Vh1V4uwofOfR4w,eWS9rr90IOU,1.0
UCHTK-2W11Vh1V4uwofOfR4w,cJMouOYo6Zs,1.0
UCHTK-2W11Vh1V4uwofOfR4w,u_Lrrhqp17c,1.0
UCHTK-2W11Vh1V4uwofOfR4w,VVZaI1Zwdtw,1.0
UCHTK-2W11Vh1V4uwofOfR4w,YuUjyWmGQNM,1.0
UCHTK-2W11Vh1V4uwofOfR4w,vuHaKXRa9Kg,1.0
UCHTK-2W11Vh1V4uwofOfR4w,N5Z3XuqktrY,1.0
UCHTK-2W11Vh1V4uwofOfR4w,Hd_QE775hl8,1.0
UCHTK-2W11Vh1V4uwofOfR4w,d0lCcwTb1HA,1.0
UCHTK-2W11Vh1V4uwofOfR4w,Vu9hS9JHZTo,1.0
UCHTK-2W11Vh1V4uwofOfR4w,M0ZY8mM3vY4,1.0
UCHTK-2W11Vh1V4uwofOfR4w,4tURrF6bLf4,1.0
UCHTK-2W11Vh1V4uwofOfR4w,Hg9cauKsMwE,1.0
UCHTK-2W11Vh1V4uwofOfR4w,IsxOn-KDLQI,1.0
UCHTK-2W11Vh1V4uwofOfR4w,_1NvlQCF9ts,1.0
UCHTK-2W11Vh1V4uwofOfR4w,1I5fwOEsWEI,1.0
UCnQC_G5Xsjhp9fEJKuIcrSw,7EJeA8yLgqo,1.0
UCnQC_G5Xsjhp9fEJKuIcrSw,4R5rOL9zjkw,1.0
UCnQC_G5Xsjhp9fEJKuIcrSw,B3vjIIvBLtc,1.0
UCnQC_G5Xsjhp9fEJKuIcrSw,PKKrb4C9ypw,1.0
UCnQC_G5Xsjhp9fEJKuIcrSw,1LZRMP7RigA,1.0
UCnQC_G5Xsjhp9fEJKuIcrSw,uBr98dr5fjc,1.0
UCnQC_G5Xsjhp9fEJKuIcrSw,s3Fn2Z038ks,1.0
UCnQC_G5Xsjhp9fEJKuIcrSw,pFbjdmZ4dxM,1.0
UCnQC_G5Xsjhp9fEJKuIcrSw,sB1ukPf5axg,1.0
UCnQC_G5Xsjhp9fEJKuIcrSw,fEpr0XrGdq8,1.0
UCnQC_G5Xsjhp9fEJKuIcrSw,pENpzu2Yd38,1.0
UCnQC_G5Xsjhp9fEJKuIcrSw,GF-6ghJ1xcE,1.0
UCnQC_G5Xsjhp9fEJKuIcrSw,FBoZK9ng-II,1.0
UCnQC_G5Xsjhp9fEJKuIcrSw,MG2G2EOlnlE,1.0
UCnQC_G5Xsjhp9fEJKuIcrSw,O_0JhiTR3Uk,1.0
UCnQC_G5Xsjhp9fEJKuIcrSw,l2oXHzxcoEQ,1.0
UCK7tptUDHh-RYDsdxO1-5QQ,YxPU_U2aFPE,1.0
UCK7tptUDHh-RYDsdxO1-5QQ,rtLTZUaMSDQ,1.0
UCK7tptUDHh-RYDsdxO1-5QQ,r_5WAY61muE,1.0
UCUMZ7gohGI9HcU9VNsr2FJQ,UBZ6Bd0LDjs,1.0
UCUMZ7gohGI9HcU9VNsr2FJQ,hJ7tltHvapc,1.0
UChLtXXpo4Ge1ReTEboVvTDg,QqJfkXyf6ZY,1.0
UChLtXXpo4Ge1ReTEboVvTDg,sQOSUW0c_vA,1.0
UChLtXXpo4Ge1ReTEboVvTDg,tDABVZZ4qoc,1.0
UChLtXXpo4Ge1ReTEboVvTDg,D5YxQqSWITw,1.0
UChLtXXpo4Ge1ReTEboVvTDg,-vIAxdFIoa8,1.0
UChLtXXpo4Ge1ReTEboVvTDg,Kxe4yycqijk,1.0
UChLtXXpo4Ge1ReTEboVvTDg,OjKkEL75lRE,1.0
UChLtXXpo4Ge1ReTEboVvTDg,U6fKck0ODgg,1.0
UChLtXXpo4Ge1ReTEboVvTDg,nO7URIlWDis,1.0
UChLtXXpo4Ge1ReTEboVvTDg,tC034CDh1A4,1.0
UChLtXXpo4Ge1ReTEboVvTDg,peb_hN36a-8,1.0
UChLtXXpo4Ge1ReTEboVvTDg,M-DwQDWgIEo,1.0
UChLtXXpo4Ge1ReTEboVvTDg,lRpkkqekwAU,1.0
UChLtXXpo4Ge1ReTEboVvTDg,4qOuuMf6euA,1.0
UChLtXXpo4Ge1ReTEboVvTDg,lYp1GJoTgRY,1.0
UChLtXXpo4Ge1ReTEboVvTDg,dD2yfz_GjO4,1.0
UChLtXXpo4Ge1ReTEboVvTDg,TEZcEiW-nc0,1.0
UChLtXXpo4Ge1ReTEboVvTDg,khfpq0kkBS0,1.0
UChLtXXpo4Ge1ReTEboVvTDg,hT9yo1qZM5o,1.0
UChLtXXpo4Ge1ReTEboVvTDg,qQdE20Sw1jA,1.0
UChLtXXpo4Ge1ReTEboVvTDg,aIDwi8AfZDE,1.0
UChLtXXpo4Ge1ReTEboVvTDg,r0im3i6TN14,1.0
UChLtXXpo4Ge1ReTEboVvTDg,lpIo_WfyFO8,1.0
UChLtXXpo4Ge1ReTEboVvTDg,XdhigQd9ZbI,1.0
UChLtXXpo4Ge1ReTEboVvTDg,y1zWkpYWlX8,1.0
UChLtXXpo4Ge1ReTEboVvTDg,EJ9FzH1PJsY,1.0
UChLtXXpo4Ge1ReTEboVvTDg,2QfLiDDvwl0,1.0
UChLtXXpo4Ge1ReTEboVvTDg,980eNqwwgZs,1.0
UChLtXXpo4Ge1ReTEboVvTDg,dWM-H-5uK9g,1.0
UChLtXXpo4Ge1ReTEboVvTDg,6Zh7nBoc9q8,1.0
UChLtXXpo4Ge1ReTEboVvTDg,fkr5raCVVBg,1.0
UChLtXXpo4Ge1ReTEboVvTDg,si28ewn6ZM8,1.0
UChLtXXpo4Ge1ReTEboVvTDg,E0dnSJNJ1Jo,1.0
UChLtXXpo4Ge1ReTEboVvTDg,-LsfzUMC7qI,1.0
UChLtXXpo4Ge1ReTEboVvTDg,EAPMRXWJkOE,1.0
UChLtXXpo4Ge1ReTEboVvTDg,XPVgbCEa_gY,1.0
UChLtXXpo4Ge1ReTEboVvTDg,rr4IUhM7cF0,1.0
UChLtXXpo4Ge1ReTEboVvTDg,TRn41mK5dX8,1.0
UChLtXXpo4Ge1ReTEboVvTDg,948tpGNHGdc,1.0
UChLtXXpo4Ge1ReTEboVvTDg,V-X-JFV3hDU,1.0
UChLtXXpo4Ge1ReTEboVvTDg,NZg2hK7DS2I,1.0
UChLtXXpo4Ge1ReTEboVvTDg,i1TT-zAy0V8,1.0
UChLtXXpo4Ge1ReTEboVvTDg,p4YirlbZf0w,1.0
UChLtXXpo4Ge1ReTEboVvTDg,AoYcpi6fk2M,1.0
UChLtXXpo4Ge1ReTEboVvTDg,PBul5hkW4vs,1.0
UChLtXXpo4Ge1ReTEboVvTDg,XcFMbH01-wg,1.0
UChLtXXpo4Ge1ReTEboVvTDg,kiKagcuJPT4,1.0
UChLtXXpo4Ge1ReTEboVvTDg,Zg0yKHddzJY,1.0
UChLtXXpo4Ge1ReTEboVvTDg,5x5X0hkCTWU,1.0
UChLtXXpo4Ge1ReTEboVvTDg,QpQAgLth030,1.0
UChLtXXpo4Ge1ReTEboVvTDg,w6tPD4bDIIk,1.0
UCuFFtHWoLl5fauMMD5Ww2jA,oInfuEOh4Pc,1.0
UCuFFtHWoLl5fauMMD5Ww2jA,KYarnMGk7Ak,1.0
UCuFFtHWoLl5fauMMD5Ww2jA,8p1C7aR-joE,1.0
UCuFFtHWoLl5fauMMD5Ww2jA,WnDDDWnOFjI,1.0
UCuFFtHWoLl5fauMMD5Ww2jA,7Y3uS_WCyvM,1.0
UCuFFtHWoLl5fauMMD5Ww2jA,_OoLKernIt0,1.0
UCuFFtHWoLl5fauMMD5Ww2jA,2kpoj0-F1Jk,1.0
UCuFFtHWoLl5fauMMD5Ww2jA,BhppJB0rcCA,1.0
UCuFFtHWoLl5fauMMD5Ww2jA,Wd8X4FMoAPI,1.0
UCuFFtHWoLl5fauMMD5Ww2jA,WLAgYMi5UUQ,1.0
UCuFFtHWoLl5fauMMD5Ww2jA,wntPNb0mEBM,1.0
UCuFFtHWoLl5fauMMD5Ww2jA,3ikACOIwaVM,1.0
UCuFFtHWoLl5fauMMD5Ww2jA,ty_uXKyfqjw,1.0
UCuFFtHWoLl5fauMMD5Ww2jA,G0dBPRI76yA,1.0
UCuFFtHWoLl5fauMMD5Ww2jA,g9PvQitopDQ,1.0
UCuFFtHWoLl5fauMMD5Ww2jA,HdiO2J7GsWU,1.0
UCuFFtHWoLl5fauMMD5Ww2jA,TaBvnY065zI,1.0
UCuFFtHWoLl5fauMMD5Ww2jA,oUpHwER4vLs,1.0
UCuFFtHWoLl5fauMMD5Ww2jA,rgDIzYkVICI,1.0
UCuFFtHWoLl5fauMMD5Ww2jA,ZPNA8Kf1xNY,1.0
UCuFFtHWoLl5fauMMD5Ww2jA,HmQwGUTndV4,1.0
UCuFFtHWoLl5fauMMD5Ww2jA,WfZyIy-wN9I,1.0
UCuFFtHWoLl5fauMMD5Ww2jA,Nh_FOb5xWgY,1.0
UCuFFtHWoLl5fauMMD5Ww2jA,8cdOgYpPP_g,1.0
UCuFFtHWoLl5fauMMD5Ww2jA,hr-fc1DcQyM,1.0
UCuFFtHWoLl5fauMMD5Ww2jA,pv30U2M0ZMA,1.0
UCuFFtHWoLl5fauMMD5Ww2jA,-fq1CgpHCaM,1.0
UCuFFtHWoLl5fauMMD5Ww2jA,pgOvf7h9xkY,1.0
UCuFFtHWoLl5fauMMD5Ww2jA,ezdv7UbrzUU,1.0
UCuFFtHWoLl5fauMMD5Ww2jA,J7pYsupH9fo,1.0
UCuFFtHWoLl5fauMMD5Ww2jA,xr07bsxCLas,1.0
UCuFFtHWoLl5fauMMD5Ww2jA,gi4L0mL45zs,1.0
UCuFFtHWoLl5fauMMD5Ww2jA,tt33Q_qgGcg,1.0
UCuFFtHWoLl5fauMMD5Ww2jA,tqAUQKWZvak,1.0
UCuFFtHWoLl5fauMMD5Ww2jA,qffCg8iXc1g,1.0
UCt-WqkTyKK1_70U4bb4k4lQ,dqN42zJ20Q4,1.0
UCt-WqkTyKK1_70U4bb4k4lQ,Tha5co87nsM,1.0
UCt-WqkTyKK1_70U4bb4k4lQ,RnK3VU67f2Q,1.0
UCt-WqkTyKK1_70U4bb4k4lQ,RBCcy6x4DFY,1.0
UCaeO5vkdj5xOQHp4UmIN6dw,-tf991U__gI,1.0
UCaeO5vkdj5xOQHp4UmIN6dw,bQCUJyIvdt4,1.0
UCaeO5vkdj5xOQHp4UmIN6dw,KwigXUmBYuc,1.0
UCaeO5vkdj5xOQHp4UmIN6dw,f1Izh3-c88Y,1.0
UCaeO5vkdj5xOQHp4UmIN6dw,KghGTmrMqhY,1.0
UCvJJ_dzjViJCoLf5uKUTwoA,DFL8iQ3p3cI,1.0
UCvJJ_dzjViJCoLf5uKUTwoA,sXx7zb-rHXA,1.0
UC5O114-PQNYkurlTg6hekZw,FE4DoCehK9c,1.0
UC5O114-PQNYkurlTg6hekZw,RwUoG7q7WHM,1.0
UC5O114-PQNYkurlTg6hekZw,ri9xt0pLkvc,1.0
UC5O114-PQNYkurlTg6hekZw,KnPAiV5X1II,1.0
UC5O114-PQNYkurlTg6hekZw,CW7ybeU-Pis,1.0
UC5O114-PQNYkurlTg6hekZw,qVz6enorIc0,1.0
UC5O114-PQNYkurlTg6hekZw,VKAh1QceArg,1.0
UC5O114-PQNYkurlTg6hekZw,W1gruDrgHEo,1.0
UC5O114-PQNYkurlTg6hekZw,qApFRCLQKzE,1.0
UC5O114-PQNYkurlTg6hekZw,K5gWokTxhhc,1.0
UC5O114-PQNYkurlTg6hekZw,D_2JdECOcE8,1.0
UC5O114-PQNYkurlTg6hekZw,be3FXm95Vpc,1.0
UC5O114-PQNYkurlTg6hekZw,41uet4dYIP0,1.0
UC5O114-PQNYkurlTg6hekZw,dnYc8le1Kn0,1.0
UC5O114-PQNYkurlTg6hekZw,Rr_M-mISr-4,1.0
UC5O114-PQNYkurlTg6hekZw,QjdT3-FPEq4,1.0
UC0p5jTq6Xx_DosDFxVXnWaQ,jUrF_Sme7YI,1.0
UC0p5jTq6Xx_DosDFxVXnWaQ,_NrV0UegeuM,1.0
UCupvZG-5ko_eiXAupbDfxWw,O93S7BWh40E,
UCupvZG-5ko_eiXAupbDfxWw,QVI2OkkZZmw,
UCupvZG-5ko_eiXAupbDfxWw,Rvvwp8rKaD8,
UCupvZG-5ko_eiXAupbDfxWw,KUxZkQER1yk,
UCupvZG-5ko_eiXAupbDfxWw,RzSTWYUQ-ys,
UCupvZG-5ko_eiXAupbDfxWw,kv4kxzOIlPY,
UCupvZG-5ko_eiXAupbDfxWw,H66-xJIkPAg,
UCupvZG-5ko_eiXAupbDfxWw,7IRKf_-c61Y,
UCupvZG-5ko_eiXAupbDfxWw,NS5PDcpzEmM,
UCupvZG-5ko_eiXAupbDfxWw,jeCED7tMS8I,
UCupvZG-5ko_eiXAupbDfxWw,2By_eLtbQrc,
UCBi2mrWuNuyYy4gbM6fU18Q,V4k9cPXkRyE,
UCBi2mrWuNuyYy4gbM6fU18Q,qehnfOXHI88,
UCBi2mrWuNuyYy4gbM6fU18Q,pA5VGb_Izus,
UCBi2mrWuNuyYy4gbM6fU18Q,MIrfvVdU2kQ,
UCBi2mrWuNuyYy4gbM6fU18Q,doZ_yJbEHn8,
UCBi2mrWuNuyYy4gbM6fU18Q,ZLcS4qRFwqM,
UCBi2mrWuNuyYy4gbM6fU18Q,bOZlaTj9igg,
UCBi2mrWuNuyYy4gbM6fU18Q,3QBvFWxaMrc,
UCBi2mrWuNuyYy4gbM6fU18Q,72VqN4_LUIA,
UCBi2mrWuNuyYy4gbM6fU18Q,_3Oq2Oe8pBQ,
UCBi2mrWuNuyYy4gbM6fU18Q,BuwnuB1XaHw,
UCBi2mrWuNuyYy4gbM6fU18Q,WChEg6U8_as,
UCBi2mrWuNuyYy4gbM6fU18Q,2lOwKS2jSQU,
UCBi2mrWuNuyYy4gbM6fU18Q,MaTygm8uB98,
UCBi2mrWuNuyYy4gbM6fU18Q,tDfFPpQ1io8,
UCBi2mrWuNuyYy4gbM6fU18Q,YqBxlXuu7ZY,
UCBi2mrWuNuyYy4gbM6fU18Q,DbBmE67T4r8,
UCBi2mrWuNuyYy4gbM6fU18Q,2Lro1Faao4k,
UC16niRr50-MSBwiO3YDb3RA,NAzo3do7llU,
UC16niRr50-MSBwiO3YDb3RA,tJKVuC-NWnU,
UC16niRr50-MSBwiO3YDb3RA,ArXQjoS9oqA,
UC16niRr50-MSBwiO3YDb3RA,qPcsTDh_ZEo,
UC16niRr50-MSBwiO3YDb3RA,dQqhCkRE0ik,
UC16niRr50-MSBwiO3YDb3RA,HQjbRa1ddbQ,
UC16niRr50-MSBwiO3YDb3RA,JDyXNmGtkOA,
UC16niRr50-MSBwiO3YDb3RA,IuJGN2AL7E4,
UCLXo7UDZvByw2ixzpQCufnA,qIDkZAOjx9w,
UC9k-yiEpRHMNVOnOi_aQK8w,Hwe3mFcbzkw,
UC9k-yiEpRHMNVOnOi_aQK8w,91nVdysUOpI,
UC9k-yiEpRHMNVOnOi_aQK8w,wG6o3R2UZrA,
UC9k-yiEpRHMNVOnOi_aQK8w,3fDtfS74hW4,
UC9k-yiEpRHMNVOnOi_aQK8w,Px-m0PYxrQ0,
UC9k-yiEpRHMNVOnOi_aQK8w,ntlSh0_0-b8,
UC9k-yiEpRHMNVOnOi_aQK8w,I43Qt5EL7VI,
UC9k-yiEpRHMNVOnOi_aQK8w,KyRWsBi6JnM,
UC9k-yiEpRHMNVOnOi_aQK8w,oBkCtmkh0Oc,
UC9k-yiEpRHMNVOnOi_aQK8w,NCpX5OPwVMk,
UC9k-yiEpRHMNVOnOi_aQK8w,QuCLu3_xAuU,
UCXIJgqnII2ZOINSWNOGFThA,tVdnHfy4uSA,
UCXIJgqnII2ZOINSWNOGFThA,dm9RjPuRGxo,
UCXIJgqnII2ZOINSWNOGFThA,bC1CjHOO6is,
UCXIJgqnII2ZOINSWNOGFThA,QjF31I2-eL8,
UCXIJgqnII2ZOINSWNOGFThA,OPMtt8wXVog,
UCXIJgqnII2ZOINSWNOGFThA,RD-ibwvedC8,
UCXIJgqnII2ZOINSWNOGFThA,7QaxBnPE5F8,
UCXIJgqnII2ZOINSWNOGFThA,tFVHaasYIx4,
UCXIJgqnII2ZOINSWNOGFThA,liticAJF2sc,
UCXIJgqnII2ZOINSWNOGFThA,GiBBeYkfCxo,
UCXIJgqnII2ZOINSWNOGFThA,D00pQzYMNWI,
UCXIJgqnII2ZOINSWNOGFThA,MBAhXJKhdUI,
UCXIJgqnII2ZOINSWNOGFThA,OvqrTAmA214,
UCXIJgqnII2ZOINSWNOGFThA,5sQi2NbQdpE,
UCXIJgqnII2ZOINSWNOGFThA,lmocuFs48gM,
UCNye-wNBqNL5ZzHSJj3l8Bg,Ewr-f195SG0,
UCNye-wNBqNL5ZzHSJj3l8Bg,kL6Ayem59wY,
UCNye-wNBqNL5ZzHSJj3l8Bg,yLFc7q5Y6Lw,
UCNye-wNBqNL5ZzHSJj3l8Bg,xbjchjTSlJM,
UCNye-wNBqNL5ZzHSJj3l8Bg,f9yR0uFYOis,
UCNye-wNBqNL5ZzHSJj3l8Bg,D5mU5JYE8FM,
UCNye-wNBqNL5ZzHSJj3l8Bg,wiBia72dHag,
UCNye-wNBqNL5ZzHSJj3l8Bg,O_JPl55Wqa8,
UCNye-wNBqNL5ZzHSJj3l8Bg,ELGJV2oXj14,
UCNye-wNBqNL5ZzHSJj3l8Bg,Ay98YWENhbU,
UCNye-wNBqNL5ZzHSJj3l8Bg,CKRjnf_lb6w,
UCeY0bbntWzzVIaj2z3QigXg,AChZRNLvSSQ,
UCeY0bbntWzzVIaj2z3QigXg,ac4BmDKRdEk,
UCeY0bbntWzzVIaj2z3QigXg,-CYYEtSVJ6k,
UCeY0bbntWzzVIaj2z3QigXg,HADo6wkARpQ,
UCeY0bbntWzzVIaj2z3QigXg,Sc5476T3910,
UCeY0bbntWzzVIaj2z3QigXg,4YiyHEpwv_s,
UCeY0bbntWzzVIaj2z3QigXg,m9nELFClGzo,
UCeY0bbntWzzVIaj2z3QigXg,q0nzShYVZks,
UCeY0bbntWzzVIaj2z3QigXg,U5TohFZo2r4,
UCeY0bbntWzzVIaj2z3QigXg,3BGfTRoQraw,
UCcyq283he07B7_KUX07mmtA,wRqaqOn8OiU,
UCcyq283he07B7_KUX07mmtA,mgV6c7oFDro,
UC1yBKRuGpC1tSM73A0ZjYjQ,bNH1wM3YZIQ,
UC1yBKRuGpC1tSM73A0ZjYjQ,RhTiEPlm1EA,
UC1yBKRuGpC1tSM73A0ZjYjQ,JwpbCEfdS84,
UC1yBKRuGpC1tSM73A0ZjYjQ,-hJr4HKSctw,
UC1yBKRuGpC1tSM73A0ZjYjQ,Dlz1fGSuzS0,
UC1yBKRuGpC1tSM73A0ZjYjQ,-MxzkzbBXXE,
UC1yBKRuGpC1tSM73A0ZjYjQ,lqXt3j1b87E,
UC1yBKRuGpC1tSM73A0ZjYjQ,a5eMi3eOz6g,
UC1yBKRuGpC1tSM73A0ZjYjQ,qM7JHeSy6I4,
UC1yBKRuGpC1tSM73A0ZjYjQ,l77d45EuSo0,
UCaXkIU1QidjPwiAYu6GcHjg,KvkUtHcg1XI,
UCaXkIU1QidjPwiAYu6GcHjg,gvKQIHK8mOM,
UCaXkIU1QidjPwiAYu6GcHjg,O9NM8qfO20A,
UCaXkIU1QidjPwiAYu6GcHjg,s6Ak0pCmDcQ,
UCaXkIU1QidjPwiAYu6GcHjg,xyJKaaCNbI8,
UCaXkIU1QidjPwiAYu6GcHjg,obyaQjbdDHM,
UCaXkIU1QidjPwiAYu6GcHjg,Xz1ke67lR8k,
UCaXkIU1QidjPwiAYu6GcHjg,7-57wbjP1LI,
UCaXkIU1QidjPwiAYu6GcHjg,e5sRwudKiCo,
UCaXkIU1QidjPwiAYu6GcHjg,4_EkgdbvH9E,
UCaXkIU1QidjPwiAYu6GcHjg,AgtZql6nm1I,
UCaXkIU1QidjPwiAYu6GcHjg,nyeKCwlIKkg,
UCaXkIU1QidjPwiAYu6GcHjg,5geYW-TCHXA,
UCaXkIU1QidjPwiAYu6GcHjg,V2cylvD9hYQ,
UCaXkIU1QidjPwiAYu6GcHjg,X5UyQmIplUw,
UCaXkIU1QidjPwiAYu6GcHjg,eoA2CEaaALg,
UCaXkIU1QidjPwiAYu6GcHjg,KRpLE_-3Za8,
UCaXkIU1QidjPwiAYu6GcHjg,xno5AfAoPPM,
UCaXkIU1QidjPwiAYu6GcHjg,o5l0rqMTuvE,
UCaXkIU1QidjPwiAYu6GcHjg,3XId3xaMwIE,
UCaXkIU1QidjPwiAYu6GcHjg,FlodyVplGyM,
UCaXkIU1QidjPwiAYu6GcHjg,fezGpnETg7E,
UCaXkIU1QidjPwiAYu6GcHjg,w13ZFGdUO9E,
UC8p1vwvWtl6T73JiExfWs1g,9GhPled7pbQ,
UC8p1vwvWtl6T73JiExfWs1g,gkxtJ_A5LWA,
UC8p1vwvWtl6T73JiExfWs1g,yGFXv7DDRi0,
UC8p1vwvWtl6T73JiExfWs1g,vkqZEE2evXw,
UC8p1vwvWtl6T73JiExfWs1g,PXkDWgFdsXQ,
UC8p1vwvWtl6T73JiExfWs1g,2DcUhiPHnXY,
UC8p1vwvWtl6T73JiExfWs1g,RzUhArZO-Ig,
UC8p1vwvWtl6T73JiExfWs1g,9RtFjr-kQ58,
UC8p1vwvWtl6T73JiExfWs1g,wmxAsD8rlfk,
UC8p1vwvWtl6T73JiExfWs1g,Acen_kgxOUE,
UC8p1vwvWtl6T73JiExfWs1g,mbaUfYni96Q,
UC8p1vwvWtl6T73JiExfWs1g,UA8sAPmvMaM,
UC8p1vwvWtl6T73JiExfWs1g,anVxcW5Hl5I,
UC8p1vwvWtl6T73JiExfWs1g,fO620rHxByg,
UC8p1vwvWtl6T73JiExfWs1g,nG25jdwIUBk,
UC8p1vwvWtl6T73JiExfWs1g,9dBxFWC7f6Q,
UC8p1vwvWtl6T73JiExfWs1g,NKefricn7uw,
UC8p1vwvWtl6T73JiExfWs1g,z9mKdwPRW3A,
UC52X5wxOL_s5yw0dQk7NtgA,E4K1FH2iWNE,
UC52X5wxOL_s5yw0dQk7NtgA,5DgFKRimX5E,
UC52X5wxOL_s5yw0dQk7NtgA,NYYC8LhG368,
UC52X5wxOL_s5yw0dQk7NtgA,L7W5119PMsA,
UC52X5wxOL_s5yw0dQk7NtgA,ebebZ2GoLjU,
UC52X5wxOL_s5yw0dQk7NtgA,csVBzPcFGHw,
UC52X5wxOL_s5yw0dQk7NtgA,ICpZ3l3WT9k,
UC52X5wxOL_s5yw0dQk7NtgA,UT6jDjVR-yE,
UC52X5wxOL_s5yw0dQk7NtgA,4Yv1DRCxI-E,
UC52X5wxOL_s5yw0dQk7NtgA,UbDjRDIo-x4,
UC52X5wxOL_s5yw0dQk7NtgA,7Y0oufW9ncI,
UC52X5wxOL_s5yw0dQk7NtgA,xpdY-z4okgE,
UChDKyKQ59fYz3JO2fl0Z6sg,zi66Ad7XSNg,
UChDKyKQ59fYz3JO2fl0Z6sg,NMWPBFofED4,
UChDKyKQ59fYz3JO2fl0Z6sg,CZO58dpXhvg,
UChDKyKQ59fYz3JO2fl0Z6sg,tslNXsw2itE,
UChDKyKQ59fYz3JO2fl0Z6sg,1ZzIvx8bg7Y,
UChDKyKQ59fYz3JO2fl0Z6sg,dBjXpmvQBg8,
UCHTK-2W11Vh1V4uwofOfR4w,qBYLa8UcezA,
UCHTK-2W11Vh1V4uwofOfR4w,avNPQI1Icmg,
UCHTK-2W11Vh1V4uwofOfR4w,ARjNDuECmFY,
UCHTK-2W11Vh1V4uwofOfR4w,P7f01owImgU,
UCHTK-2W11Vh1V4uwofOfR4w,TtX7011OuZo,
UCHTK-2W11Vh1V4uwofOfR4w,cmenZtqBusE,
UCHTK-2W11Vh1V4uwofOfR4w,_GU_oUWGkaI,
UCHTK-2W11Vh1V4uwofOfR4w,LpHGWabUw5s,
UCHTK-2W11Vh1V4uwofOfR4w,TVynKi48n9U,
UCHTK-2W11Vh1V4uwofOfR4w,73nQmSRNzKk,
UCHTK-2W11Vh1V4uwofOfR4w,NdJPqz1XZqo,
UCnQC_G5Xsjhp9fEJKuIcrSw,ztdpFigzcgI,
UCnQC_G5Xsjhp9fEJKuIcrSw,XZObihhAkvg,
UCnQC_G5Xsjhp9fEJKuIcrSw,vPXONCA1wmE,
UCnQC_G5Xsjhp9fEJKuIcrSw,sCRvIKjQj4g,
UCK7tptUDHh-RYDsdxO1-5QQ,JePiAYozfac,
UChLtXXpo4Ge1ReTEboVvTDg,BnZsO-Mssxc,
UChLtXXpo4Ge1ReTEboVvTDg,nd6u0KmlnUE,
UChLtXXpo4Ge1ReTEboVvTDg,r0vbCw2Pa74,
UChLtXXpo4Ge1ReTEboVvTDg,SoBZJAGTR8g,
UChLtXXpo4Ge1ReTEboVvTDg,gh8eRHEPyt4,
UChLtXXpo4Ge1ReTEboVvTDg,FTLhjT9Kyng,
UChLtXXpo4Ge1ReTEboVvTDg,CBQp-z9brJo,
UChLtXXpo4Ge1ReTEboVvTDg,8NvwhsMgn2c,
UChLtXXpo4Ge1ReTEboVvTDg,comWtm-gtyo,
UChLtXXpo4Ge1ReTEboVvTDg,e-7LpP25ij4,
UChLtXXpo4Ge1ReTEboVvTDg,0WptMJ3H9FA,
UChLtXXpo4Ge1ReTEboVvTDg,oGtrxAGhxT4,
UCuFFtHWoLl5fauMMD5Ww2jA,ZHOHjhHBH_s,
UCuFFtHWoLl5fauMMD5Ww2jA,yPrsnLIDKxg,
UCuFFtHWoLl5fauMMD5Ww2jA,GvV9eQ9IvI4,
UCuFFtHWoLl5fauMMD5Ww2jA,UMoEJrc6HaA,
UCuFFtHWoLl5fauMMD5Ww2jA,nfGHigV_1B8,
UCuFFtHWoLl5fauMMD5Ww2jA,w4L3IAGRFaQ,
UCuFFtHWoLl5fauMMD5Ww2jA,_0FSoq412u0,
UCaeO5vkdj5xOQHp4UmIN6dw,q4a2PeY-6aU,
UCaeO5vkdj5xOQHp4UmIN6dw,ZVCC5SoRdwU,
UC5O114-PQNYkurlTg6hekZw,dm4Qvl8yJlI,
UC5O114-PQNYkurlTg6hekZw,JoXOEuvcXIQ,
UC5O114-PQNYkurlTg6hekZw,nUFRpgKtJSg,
UC5O114-PQNYkurlTg6hekZw,fxb-eAnmiT4,
UC5O114-PQNYkurlTg6hekZw,oV6FxQIr4g4,
